session_id,user_id,session_date,page_type
1,1,2026-01-16,home
2,2,2026-01-30,home
3,2,2026-02-10,home
4,2,2026-01-21,home
5,2,2026-01-25,payment
6,3,2026-02-22,pricing
7,3,2026-01-30,payment
8,4,2026-02-10,home
9,4,2026-02-02,pricing
10,4,2026-01-21,payment
11,4,2026-02-09,home
12,5,2026-01-19,home
13,5,2026-02-07,pricing
14,5,2026-01-12,home
15,5,2026-02-09,home
16,5,2026-01-22,home
17,5,2026-01-30,pricing
18,6,2026-01-12,payment
19,6,2026-01-31,home
20,6,2026-01-15,home
21,7,2026-02-07,home
22,7,2026-02-03,pricing
23,7,2026-02-04,pricing
24,7,2026-02-10,payment
25,7,2026-02-15,home
26,7,2026-02-03,home
27,8,2026-01-25,pricing
28,9,2026-01-17,home
29,9,2026-01-22,payment
30,9,2026-01-19,payment
31,9,2026-01-27,pricing
32,9,2026-01-08,home
33,10,2026-02-19,home
34,10,2026-01-29,pricing
35,10,2026-01-27,home
36,11,2026-01-24,home
37,11,2026-02-06,pricing
38,11,2026-02-12,home
39,12,2026-02-17,home
40,12,2026-02-19,payment
41,12,2026-02-21,pricing
42,12,2026-01-25,home
43,12,2026-01-31,pricing
44,13,2026-01-27,payment
45,13,2026-01-21,payment
46,13,2026-02-06,pricing
47,14,2026-01-18,home
48,14,2026-01-25,home
49,15,2026-01-26,pricing
50,15,2026-02-17,home
51,15,2026-02-07,home
52,17,2026-01-04,payment
53,17,2026-01-30,home
54,17,2026-01-30,home
55,17,2026-01-17,home
56,17,2026-01-07,home
57,17,2026-02-02,home
58,17,2026-02-02,payment
59,18,2026-01-15,pricing
60,19,2026-02-01,payment
61,19,2026-02-05,payment
62,19,2026-02-01,home
63,19,2026-02-15,home
64,19,2026-02-11,payment
65,20,2026-01-10,home
66,20,2026-01-11,home
67,21,2026-02-17,pricing
68,21,2026-01-30,home
69,21,2026-01-25,payment
70,22,2026-02-19,pricing
71,22,2026-02-19,home
72,22,2026-01-31,payment
73,22,2026-02-07,home
74,22,2026-02-10,home
75,23,2026-01-30,home
76,23,2026-01-04,payment
77,23,2026-01-25,payment
78,25,2026-01-26,pricing
79,25,2026-02-06,home
80,25,2026-02-02,pricing
81,26,2026-02-26,home
82,26,2026-02-10,home
83,26,2026-02-20,home
84,26,2026-02-22,pricing
85,27,2026-01-30,home
86,27,2026-02-03,home
87,27,2026-01-31,payment
88,28,2026-01-04,home
89,28,2026-01-04,home
90,28,2026-01-21,home
91,29,2026-02-10,home
92,30,2026-02-19,home
93,30,2026-02-11,payment
94,30,2026-01-29,payment
95,30,2026-02-06,pricing
96,31,2026-01-07,home
97,33,2026-02-05,home
98,34,2026-02-02,payment
99,34,2026-02-19,pricing
100,35,2026-02-24,home
101,35,2026-02-27,home
102,35,2026-02-20,home
103,35,2026-02-17,pricing
104,35,2026-01-30,pricing
105,36,2026-01-26,home
106,36,2026-01-31,payment
107,37,2026-02-22,pricing
108,37,2026-01-26,payment
109,37,2026-02-06,home
110,38,2026-01-18,home
111,38,2026-01-19,home
112,38,2026-01-24,payment
113,38,2026-01-25,home
114,38,2026-01-19,home
115,39,2026-01-31,home
116,40,2026-01-29,home
117,40,2026-02-04,home
118,40,2026-02-21,home
119,40,2026-02-07,pricing
120,40,2026-01-29,home
121,40,2026-02-07,payment
122,41,2026-02-03,home
123,41,2026-02-06,pricing
124,41,2026-01-16,home
125,42,2026-01-28,home
126,42,2026-02-16,home
127,43,2026-02-11,home
128,43,2026-02-26,home
129,44,2026-01-31,home
130,44,2026-01-27,home
131,45,2026-02-01,home
132,47,2026-02-20,payment
133,47,2026-02-25,home
134,47,2026-02-16,home
135,48,2026-02-09,home
136,48,2026-01-24,home
137,49,2026-02-25,payment
138,49,2026-02-18,home
139,49,2026-02-14,pricing
140,49,2026-02-03,home
141,50,2026-01-31,home
142,50,2026-02-04,home
143,50,2026-01-30,home
144,50,2026-01-29,home
145,50,2026-02-06,home
146,51,2026-02-09,payment
147,51,2026-02-08,home
148,51,2026-02-02,home
149,51,2026-02-06,home
150,52,2026-02-18,payment
151,52,2026-02-02,home
152,52,2026-02-06,payment
153,52,2026-02-12,pricing
154,52,2026-01-29,home
155,53,2026-02-07,home
156,53,2026-01-31,home
157,53,2026-01-25,home
158,53,2026-02-14,home
159,54,2026-02-10,payment
160,54,2026-02-07,home
161,54,2026-02-21,payment
162,54,2026-02-08,home
163,54,2026-02-06,home
164,55,2026-01-19,payment
165,55,2026-01-10,home
166,56,2026-01-26,pricing
167,56,2026-01-15,payment
168,56,2026-01-14,home
169,56,2026-02-03,pricing
170,56,2026-01-16,payment
171,57,2026-02-06,home
172,57,2026-02-13,payment
173,57,2026-01-25,home
174,59,2026-02-02,pricing
175,59,2026-01-25,payment
176,60,2026-01-10,home
177,60,2026-01-12,home
178,60,2026-01-14,home
179,60,2026-01-16,home
180,61,2026-01-22,pricing
181,61,2026-01-23,home
182,61,2026-01-16,home
183,61,2026-01-12,home
184,62,2026-02-01,home
185,63,2026-01-26,payment
186,63,2026-02-01,home
187,63,2026-01-10,home
188,64,2026-02-10,pricing
189,64,2026-02-23,home
190,64,2026-01-28,pricing
191,64,2026-02-13,pricing
192,64,2026-02-11,home
193,65,2026-02-19,pricing
194,65,2026-02-08,home
195,65,2026-02-10,payment
196,65,2026-02-20,pricing
197,65,2026-02-07,home
198,66,2026-01-30,home
199,68,2026-02-12,home
200,68,2026-01-31,home
201,69,2026-01-09,home
202,69,2026-01-17,payment
203,70,2026-02-06,pricing
204,70,2026-02-11,pricing
205,70,2026-02-20,home
206,70,2026-02-22,pricing
207,70,2026-02-18,pricing
208,71,2026-01-31,pricing
209,72,2026-01-20,pricing
210,72,2026-01-06,home
211,72,2026-01-06,home
212,72,2026-01-08,home
213,72,2026-01-10,home
214,73,2026-01-26,pricing
215,73,2026-02-06,home
216,73,2026-01-23,payment
217,74,2026-02-09,pricing
218,74,2026-02-09,home
219,74,2026-02-20,payment
220,74,2026-01-31,pricing
221,75,2026-01-18,home
222,75,2026-01-25,home
223,75,2026-02-08,payment
224,75,2026-02-05,home
225,76,2026-02-01,payment
226,76,2026-01-29,home
227,77,2026-01-21,home
228,77,2026-01-18,home
229,79,2026-02-25,home
230,79,2026-02-14,home
231,79,2026-02-23,payment
232,79,2026-02-19,home
233,80,2026-01-28,home
234,80,2026-01-30,home
235,80,2026-01-27,pricing
236,81,2026-01-22,pricing
237,81,2026-02-08,home
238,81,2026-01-27,home
239,81,2026-01-18,payment
240,81,2026-02-12,home
241,81,2026-01-16,pricing
242,82,2026-01-14,home
243,83,2026-01-22,home
244,83,2026-02-08,home
245,83,2026-01-23,payment
246,83,2026-02-07,pricing
247,83,2026-01-26,home
248,83,2026-01-26,payment
249,84,2026-02-02,payment
250,84,2026-01-22,home
251,84,2026-02-13,home
252,85,2026-01-29,home
253,87,2026-01-25,home
254,87,2026-01-09,home
255,88,2026-01-09,payment
256,88,2026-02-02,home
257,89,2026-01-31,payment
258,89,2026-01-09,home
259,90,2026-02-14,payment
260,91,2026-01-09,payment
261,91,2026-01-21,home
262,91,2026-02-01,payment
263,92,2026-02-13,home
264,92,2026-02-08,payment
265,92,2026-01-25,payment
266,93,2026-01-19,home
267,93,2026-01-13,home
268,93,2026-01-10,home
269,93,2026-01-26,home
270,93,2026-02-02,pricing
271,93,2026-02-07,home
272,96,2026-02-21,payment
273,96,2026-02-05,payment
274,96,2026-02-05,payment
275,97,2026-01-29,pricing
276,97,2026-01-27,payment
277,98,2026-02-01,home
278,98,2026-02-14,home
279,98,2026-02-24,payment
280,98,2026-02-11,home
281,99,2026-01-29,pricing
282,99,2026-01-29,payment
283,99,2026-02-06,payment
284,99,2026-01-31,home
285,100,2026-01-25,home
286,100,2026-01-30,home
287,100,2026-01-12,home
288,100,2026-01-22,home
289,101,2026-01-13,payment
290,101,2026-01-29,home
291,101,2026-01-29,home
292,101,2026-01-17,home
293,101,2026-01-28,home
294,101,2026-01-23,home
295,102,2026-02-13,payment
296,103,2026-01-30,payment
297,104,2026-02-07,home
298,104,2026-02-03,home
299,104,2026-02-05,payment
300,104,2026-02-12,home
301,105,2026-01-21,home
302,105,2026-01-25,home
303,106,2026-02-03,home
304,108,2026-01-31,payment
305,108,2026-01-18,pricing
306,108,2026-02-09,home
307,108,2026-02-07,home
308,108,2026-02-09,payment
309,108,2026-01-17,payment
310,109,2026-02-01,pricing
311,109,2026-02-18,home
312,109,2026-02-21,home
313,109,2026-02-02,pricing
314,110,2026-02-01,home
315,110,2026-01-28,pricing
316,110,2026-02-15,home
317,110,2026-02-05,home
318,111,2026-01-31,home
319,112,2026-02-11,home
320,112,2026-02-18,payment
321,112,2026-02-01,home
322,112,2026-02-15,pricing
323,112,2026-02-13,home
324,112,2026-01-30,home
325,113,2026-01-18,payment
326,113,2026-01-15,pricing
327,113,2026-01-08,payment
328,113,2026-02-05,home
329,114,2026-01-25,pricing
330,114,2026-01-26,home
331,114,2026-02-05,payment
332,114,2026-01-23,payment
333,114,2026-02-05,home
334,115,2026-02-07,home
335,115,2026-02-06,pricing
336,116,2026-01-28,home
337,116,2026-01-13,home
338,116,2026-02-11,home
339,116,2026-01-17,home
340,116,2026-01-29,payment
341,116,2026-01-17,pricing
342,117,2026-02-13,home
343,118,2026-02-05,home
344,119,2026-01-24,payment
345,120,2026-02-21,home
346,120,2026-02-21,home
347,120,2026-02-02,payment
348,120,2026-01-31,home
349,121,2026-02-24,home
350,121,2026-02-12,pricing
351,121,2026-02-03,home
352,122,2026-01-27,home
353,123,2026-02-06,pricing
354,123,2026-02-22,pricing
355,124,2026-02-02,home
356,125,2026-01-29,home
357,125,2026-01-29,pricing
358,125,2026-02-02,home
359,126,2026-02-09,home
360,126,2026-01-16,payment
361,126,2026-02-07,home
362,126,2026-02-02,payment
363,127,2026-02-05,pricing
364,127,2026-01-21,home
365,127,2026-01-25,home
366,127,2026-01-27,payment
367,127,2026-01-12,pricing
368,128,2026-02-24,home
369,128,2026-01-31,payment
370,128,2026-02-18,payment
371,128,2026-02-25,payment
372,129,2026-01-25,pricing
373,129,2026-01-24,pricing
374,129,2026-01-27,home
375,129,2026-01-31,payment
376,130,2026-01-13,home
377,131,2026-01-29,home
378,131,2026-01-30,pricing
379,132,2026-01-30,home
380,132,2026-01-28,payment
381,132,2026-02-06,pricing
382,133,2026-01-20,home
383,133,2026-01-15,home
384,133,2026-01-17,home
385,133,2026-01-23,payment
386,134,2026-02-04,home
387,134,2026-02-06,payment
388,135,2026-02-07,home
389,135,2026-01-25,home
390,135,2026-02-03,home
391,135,2026-02-05,home
392,136,2026-01-22,home
393,137,2026-01-17,pricing
394,137,2026-01-12,payment
395,138,2026-02-04,pricing
396,138,2026-01-14,pricing
397,139,2026-02-04,home
398,139,2026-02-16,home
399,139,2026-02-17,home
400,140,2026-01-20,home
401,140,2026-02-05,payment
402,140,2026-01-11,home
403,140,2026-02-08,home
404,140,2026-01-29,payment
405,140,2026-01-17,home
406,141,2026-01-23,home
407,141,2026-02-01,home
408,141,2026-02-03,home
409,141,2026-02-04,pricing
410,141,2026-02-08,pricing
411,141,2026-01-24,pricing
412,141,2026-02-17,home
413,142,2026-01-27,pricing
414,143,2026-01-09,home
415,143,2026-02-04,home
416,143,2026-01-14,home
417,144,2026-01-30,home
418,144,2026-01-13,home
419,145,2026-01-03,home
420,145,2026-01-04,home
421,145,2026-01-24,home
422,145,2026-01-31,home
423,146,2026-01-29,home
424,146,2026-01-24,pricing
425,147,2026-02-12,payment
426,147,2026-01-27,home
427,147,2026-02-12,payment
428,148,2026-01-20,home
429,148,2026-02-01,pricing
430,148,2026-01-28,payment
431,148,2026-01-29,payment
432,149,2026-01-31,pricing
433,150,2026-01-27,home
434,150,2026-01-31,payment
435,150,2026-01-25,home
436,150,2026-01-08,home
437,151,2026-02-19,payment
438,151,2026-02-12,home
439,151,2026-02-07,payment
440,151,2026-02-14,payment
441,152,2026-01-30,pricing
442,152,2026-01-16,home
443,153,2026-02-07,payment
444,153,2026-02-13,home
445,153,2026-02-24,home
446,153,2026-02-20,home
447,153,2026-02-21,home
448,154,2026-02-01,pricing
449,154,2026-01-09,pricing
450,154,2026-01-18,pricing
451,155,2026-02-05,home
452,156,2026-01-10,home
453,157,2026-01-22,home
454,157,2026-01-19,home
455,157,2026-02-05,home
456,157,2026-02-07,payment
457,157,2026-02-10,payment
458,158,2026-01-03,home
459,158,2026-01-20,payment
460,159,2026-01-06,pricing
461,159,2026-01-29,home
462,159,2026-01-13,payment
463,159,2026-01-21,pricing
464,160,2026-01-22,pricing
465,160,2026-01-30,pricing
466,161,2026-01-27,pricing
467,161,2026-01-23,home
468,163,2026-02-19,payment
469,164,2026-02-16,home
470,164,2026-02-21,home
471,164,2026-02-05,payment
472,164,2026-01-25,pricing
473,164,2026-01-24,home
474,165,2026-01-24,payment
475,166,2026-01-29,home
476,166,2026-01-17,home
477,166,2026-01-15,home
478,168,2026-01-10,home
479,168,2026-01-21,payment
480,168,2026-01-24,pricing
481,168,2026-01-30,payment
482,169,2026-02-01,pricing
483,169,2026-02-19,home
484,169,2026-02-10,home
485,169,2026-02-13,payment
486,169,2026-02-04,home
487,169,2026-02-18,home
488,169,2026-02-17,home
489,170,2026-02-06,payment
490,170,2026-02-22,pricing
491,170,2026-02-13,home
492,170,2026-02-06,home
493,170,2026-01-31,home
494,171,2026-01-24,home
495,171,2026-01-09,home
496,172,2026-01-29,payment
497,172,2026-01-18,home
498,172,2026-01-16,home
499,173,2026-01-22,payment
500,173,2026-01-05,pricing
501,174,2026-01-15,home
502,174,2026-01-12,home
503,174,2026-01-24,home
504,174,2026-01-12,home
505,174,2026-01-21,pricing
506,175,2026-02-04,payment
507,175,2026-01-23,payment
508,175,2026-02-03,home
509,175,2026-01-31,pricing
510,175,2026-02-06,pricing
511,175,2026-01-29,payment
512,176,2026-01-20,home
513,177,2026-01-04,home
514,177,2026-01-14,home
515,177,2026-01-29,home
516,177,2026-01-08,payment
517,178,2026-01-20,payment
518,179,2026-01-12,home
519,179,2026-01-28,home
520,179,2026-01-11,home
521,179,2026-01-08,pricing
522,179,2026-01-08,home
523,180,2026-02-18,home
524,180,2026-02-17,home
525,181,2026-02-01,home
526,181,2026-02-05,home
527,181,2026-02-03,home
528,181,2026-02-21,payment
529,182,2026-01-15,home
530,182,2026-01-26,home
531,182,2026-01-31,pricing
532,182,2026-01-21,pricing
533,183,2026-01-29,payment
534,184,2026-02-11,pricing
535,184,2026-02-07,home
536,184,2026-02-14,pricing
537,184,2026-02-20,payment
538,185,2026-02-07,payment
539,185,2026-01-21,payment
540,185,2026-01-13,home
541,186,2026-01-20,payment
542,186,2026-02-04,home
543,186,2026-02-11,home
544,186,2026-02-05,payment
545,186,2026-02-05,pricing
546,186,2026-01-20,payment
547,186,2026-01-22,home
548,187,2026-02-12,pricing
549,187,2026-02-13,payment
550,187,2026-01-23,home
551,187,2026-02-04,payment
552,187,2026-01-21,home
553,188,2026-02-14,pricing
554,188,2026-02-16,home
555,188,2026-01-26,home
556,189,2026-01-27,payment
557,190,2026-02-24,pricing
558,190,2026-02-12,pricing
559,190,2026-02-18,home
560,190,2026-02-13,pricing
561,190,2026-02-09,pricing
562,191,2026-02-02,home
563,191,2026-01-29,home
564,191,2026-02-01,pricing
565,192,2026-02-07,home
566,192,2026-02-12,home
567,193,2026-01-08,home
568,193,2026-01-21,home
569,194,2026-02-04,pricing
570,194,2026-01-27,pricing
571,194,2026-01-17,home
572,194,2026-02-14,payment
573,194,2026-01-24,payment
574,194,2026-01-22,home
575,195,2026-02-05,home
576,195,2026-01-30,home
577,195,2026-02-09,payment
578,196,2026-01-30,pricing
579,196,2026-02-02,payment
580,196,2026-02-01,home
581,196,2026-02-14,home
582,196,2026-02-23,home
583,197,2026-01-31,home
584,197,2026-01-11,home
585,197,2026-01-31,home
586,197,2026-01-21,payment
587,198,2026-02-25,home
588,198,2026-02-14,pricing
589,198,2026-02-22,home
590,198,2026-02-11,home
591,199,2026-01-30,pricing
592,199,2026-01-12,home
593,199,2026-01-07,home
594,200,2026-01-31,pricing
595,200,2026-02-17,pricing
596,200,2026-02-14,payment
597,201,2026-01-31,pricing
598,201,2026-01-09,home
599,201,2026-01-31,payment
600,201,2026-01-26,home
601,202,2026-02-01,pricing
602,202,2026-02-06,home
603,202,2026-02-06,home
604,202,2026-01-18,payment
605,203,2026-01-17,home
606,203,2026-01-24,home
607,203,2026-01-31,home
608,203,2026-01-25,payment
609,203,2026-01-19,home
610,203,2026-02-04,home
611,204,2026-01-19,payment
612,204,2026-01-12,pricing
613,206,2026-01-29,pricing
614,206,2026-01-11,home
615,207,2026-02-04,home
616,207,2026-02-06,pricing
617,207,2026-02-04,home
618,207,2026-01-17,pricing
619,207,2026-01-13,home
620,207,2026-01-22,home
621,208,2026-01-21,home
622,208,2026-01-28,home
623,208,2026-01-23,payment
624,208,2026-01-22,home
625,209,2026-02-22,pricing
626,209,2026-02-16,home
627,209,2026-02-23,home
628,209,2026-02-17,home
629,210,2026-02-14,pricing
630,210,2026-02-05,home
631,210,2026-02-12,pricing
632,210,2026-01-31,home
633,211,2026-01-24,home
634,211,2026-02-09,home
635,211,2026-01-24,home
636,212,2026-01-28,home
637,212,2026-01-31,home
638,212,2026-02-22,home
639,212,2026-02-01,home
640,213,2026-01-29,payment
641,213,2026-01-05,home
642,214,2026-02-02,payment
643,214,2026-01-18,home
644,214,2026-01-11,payment
645,215,2026-02-10,home
646,215,2026-01-14,payment
647,215,2026-01-25,pricing
648,215,2026-02-11,home
649,215,2026-02-07,home
650,215,2026-01-24,home
651,215,2026-02-04,home
652,216,2026-02-08,home
653,216,2026-02-14,payment
654,216,2026-02-01,payment
655,217,2026-02-12,home
656,217,2026-02-15,payment
657,217,2026-01-27,payment
658,218,2026-02-17,home
659,218,2026-02-03,pricing
660,218,2026-02-06,home
661,218,2026-01-29,home
662,219,2026-01-28,home
663,219,2026-02-02,home
664,220,2026-02-05,home
665,220,2026-01-30,pricing
666,220,2026-01-29,home
667,220,2026-02-07,home
668,220,2026-02-17,payment
669,221,2026-01-29,payment
670,221,2026-02-06,payment
671,222,2026-01-14,home
672,222,2026-02-06,payment
673,223,2026-02-08,home
674,223,2026-01-18,home
675,223,2026-02-06,home
676,224,2026-01-27,home
677,224,2026-02-01,payment
678,224,2026-02-05,home
679,224,2026-02-05,home
680,225,2026-02-27,pricing
681,225,2026-02-03,home
682,225,2026-02-14,home
683,226,2026-02-19,payment
684,226,2026-02-25,payment
685,226,2026-02-27,home
686,226,2026-02-04,home
687,226,2026-01-31,home
688,226,2026-02-14,home
689,226,2026-02-20,home
690,227,2026-02-08,home
691,227,2026-01-30,payment
692,227,2026-01-14,home
693,228,2026-01-29,home
694,228,2026-01-30,home
695,228,2026-02-24,home
696,228,2026-02-16,pricing
697,229,2026-02-01,home
698,230,2026-01-30,home
699,230,2026-02-25,pricing
700,231,2026-02-09,home
701,231,2026-02-14,home
702,231,2026-02-17,payment
703,231,2026-02-16,home
704,231,2026-01-31,home
705,231,2026-02-11,home
706,232,2026-01-21,home
707,232,2026-01-16,pricing
708,233,2026-02-09,payment
709,233,2026-02-09,payment
710,234,2026-01-27,home
711,235,2026-01-25,home
712,235,2026-01-10,pricing
713,235,2026-01-08,home
714,235,2026-01-24,pricing
715,236,2026-02-09,home
716,237,2026-02-11,home
717,237,2026-02-21,home
718,238,2026-02-08,home
719,238,2026-01-31,payment
720,239,2026-01-26,home
721,239,2026-02-05,home
722,239,2026-02-13,home
723,239,2026-02-17,home
724,239,2026-02-07,home
725,239,2026-02-11,home
726,240,2026-01-20,payment
727,240,2026-02-08,payment
728,240,2026-01-22,home
729,240,2026-02-01,home
730,240,2026-02-15,payment
731,240,2026-02-09,pricing
732,240,2026-02-02,home
733,240,2026-02-02,pricing
734,241,2026-01-27,home
735,241,2026-01-21,home
736,241,2026-01-24,pricing
737,242,2026-01-16,home
738,243,2026-01-05,home
739,243,2026-01-21,home
740,244,2026-02-04,home
741,244,2026-01-31,home
742,244,2026-01-08,pricing
743,244,2026-02-03,home
744,245,2026-01-16,payment
745,245,2026-01-27,home
746,246,2026-01-24,home
747,246,2026-01-27,pricing
748,246,2026-02-05,pricing
749,246,2026-01-08,pricing
750,246,2026-01-10,pricing
751,246,2026-01-19,pricing
752,247,2026-02-23,pricing
753,247,2026-02-23,home
754,247,2026-02-16,pricing
755,247,2026-02-06,home
756,247,2026-02-15,home
757,247,2026-02-21,home
758,248,2026-01-27,payment
759,248,2026-01-27,home
760,248,2026-01-31,home
761,249,2026-02-09,home
762,249,2026-02-04,home
763,250,2026-01-15,payment
764,250,2026-01-08,home
765,250,2026-01-30,pricing
766,250,2026-01-16,home
767,250,2026-01-25,home
768,250,2026-01-25,home
769,251,2026-01-22,home
770,252,2026-01-27,home
771,252,2026-02-10,home
772,252,2026-01-29,payment
773,252,2026-02-13,payment
774,252,2026-02-16,home
775,253,2026-02-08,payment
776,253,2026-01-22,home
777,253,2026-02-02,payment
778,253,2026-01-15,home
779,254,2026-02-03,home
780,254,2026-01-18,pricing
781,254,2026-01-29,home
782,255,2026-02-08,home
783,256,2026-02-04,pricing
784,256,2026-01-18,pricing
785,257,2026-01-27,home
786,258,2026-01-29,home
787,259,2026-02-19,home
788,259,2026-02-17,home
789,260,2026-01-23,payment
790,261,2026-02-04,home
791,261,2026-01-23,home
792,261,2026-02-10,home
793,262,2026-02-11,payment
794,262,2026-02-11,home
795,262,2026-01-22,pricing
796,262,2026-02-09,home
797,262,2026-01-21,home
798,263,2026-02-08,home
799,264,2026-01-25,payment
800,264,2026-01-28,payment
801,265,2026-02-09,pricing
802,267,2026-01-18,payment
803,268,2026-02-25,home
804,268,2026-02-09,payment
805,269,2026-01-31,home
806,269,2026-01-27,home
807,269,2026-01-22,payment
808,269,2026-01-13,pricing
809,269,2026-02-03,home
810,270,2026-01-23,home
811,271,2026-01-17,pricing
812,271,2026-01-29,home
813,271,2026-01-21,pricing
814,271,2026-01-31,home
815,272,2026-01-29,payment
816,273,2026-01-19,home
817,273,2026-01-25,home
818,274,2026-02-06,home
819,274,2026-01-31,pricing
820,274,2026-01-18,home
821,274,2026-02-09,home
822,275,2026-02-09,home
823,275,2026-02-04,payment
824,275,2026-02-20,home
825,276,2026-01-27,pricing
826,276,2026-01-21,payment
827,277,2026-02-13,pricing
828,277,2026-02-20,home
829,278,2026-01-20,home
830,278,2026-01-18,home
831,278,2026-02-11,home
832,278,2026-02-01,payment
833,279,2026-01-21,home
834,279,2026-01-16,home
835,280,2026-01-13,home
836,280,2026-01-19,pricing
837,281,2026-01-28,home
838,281,2026-02-19,pricing
839,281,2026-02-20,pricing
840,281,2026-02-14,payment
841,281,2026-02-24,home
842,281,2026-02-23,home
843,282,2026-02-20,home
844,283,2026-02-07,pricing
845,283,2026-02-21,home
846,284,2026-01-18,home
847,284,2026-01-27,payment
848,284,2026-01-25,home
849,285,2026-01-19,pricing
850,285,2026-01-11,pricing
851,286,2026-01-21,home
852,286,2026-01-23,home
853,286,2026-01-12,home
854,287,2026-01-28,home
855,289,2026-01-09,pricing
856,289,2026-01-14,home
857,289,2026-01-21,home
858,289,2026-01-22,home
859,290,2026-01-29,home
860,290,2026-02-14,home
861,291,2026-01-13,payment
862,292,2026-02-12,pricing
863,292,2026-02-14,home
864,293,2026-02-02,home
865,293,2026-01-07,payment
866,293,2026-01-07,pricing
867,294,2026-02-01,home
868,294,2026-01-24,home
869,294,2026-01-30,home
870,295,2026-01-12,home
871,295,2026-01-10,pricing
872,295,2026-01-13,home
873,296,2026-01-31,pricing
874,296,2026-01-26,pricing
875,297,2026-01-13,home
876,297,2026-01-15,home
877,297,2026-01-30,payment
878,298,2026-02-05,pricing
879,298,2026-02-01,payment
880,300,2026-02-14,home
881,300,2026-01-20,home
882,300,2026-01-28,home
883,301,2026-01-12,home
884,302,2026-02-11,payment
885,302,2026-02-17,home
886,302,2026-02-12,home
887,302,2026-02-09,home
888,302,2026-02-17,pricing
889,303,2026-01-22,home
890,303,2026-01-24,pricing
891,303,2026-01-23,home
892,305,2026-01-20,payment
893,305,2026-01-08,home
894,305,2026-01-18,home
895,305,2026-01-16,home
896,305,2026-01-20,home
897,305,2026-01-29,home
898,305,2026-01-20,payment
899,306,2026-01-29,home
900,306,2026-01-11,pricing
901,306,2026-01-30,home
902,306,2026-01-19,pricing
903,307,2026-01-24,home
904,307,2026-02-19,home
905,308,2026-02-06,payment
906,308,2026-01-23,pricing
907,308,2026-01-18,pricing
908,308,2026-01-14,pricing
909,308,2026-01-13,home
910,308,2026-01-18,payment
911,309,2026-02-07,home
912,309,2026-01-26,pricing
913,310,2026-02-01,home
914,310,2026-01-20,payment
915,310,2026-01-18,pricing
916,311,2026-01-17,home
917,311,2026-01-20,home
918,311,2026-01-18,home
919,312,2026-02-04,pricing
920,313,2026-02-11,payment
921,313,2026-01-29,pricing
922,314,2026-02-12,home
923,314,2026-01-28,home
924,315,2026-02-03,home
925,315,2026-02-03,home
926,315,2026-01-19,payment
927,316,2026-01-29,payment
928,317,2026-02-08,home
929,317,2026-02-23,home
930,317,2026-02-01,home
931,317,2026-01-30,pricing
932,317,2026-02-14,payment
933,317,2026-02-02,home
934,319,2026-01-30,payment
935,319,2026-02-10,pricing
936,319,2026-02-11,pricing
937,319,2026-02-15,home
938,320,2026-01-31,home
939,320,2026-02-23,home
940,320,2026-01-28,pricing
941,321,2026-02-01,home
942,322,2026-01-20,home
943,322,2026-01-21,home
944,323,2026-01-20,home
945,323,2026-01-21,payment
946,323,2026-02-05,payment
947,323,2026-01-26,home
948,323,2026-02-13,home
949,323,2026-02-01,home
950,324,2026-02-04,home
951,324,2026-02-13,home
952,324,2026-02-14,payment
953,324,2026-01-31,payment
954,325,2026-01-24,home
955,325,2026-01-25,home
956,325,2026-02-01,home
957,326,2026-02-17,home
958,326,2026-02-10,payment
959,326,2026-01-24,home
960,326,2026-02-12,payment
961,327,2026-02-06,home
962,327,2026-02-08,payment
963,327,2026-01-25,home
964,327,2026-02-07,home
965,328,2026-01-28,home
966,328,2026-01-22,home
967,329,2026-02-15,payment
968,329,2026-01-31,pricing
969,330,2026-01-25,home
970,330,2026-01-14,pricing
971,330,2026-01-17,pricing
972,330,2026-01-30,home
973,330,2026-02-03,home
974,330,2026-01-26,home
975,330,2026-01-09,home
976,331,2026-01-13,payment
977,331,2026-01-27,payment
978,331,2026-01-29,home
979,331,2026-01-26,home
980,332,2026-01-09,home
981,332,2026-01-16,payment
982,332,2026-01-10,payment
983,332,2026-01-25,payment
984,332,2026-01-16,home
985,333,2026-01-08,pricing
986,333,2026-01-27,home
987,333,2026-01-23,home
988,334,2026-02-13,payment
989,334,2026-01-19,home
990,334,2026-02-04,payment
991,334,2026-02-01,home
992,334,2026-02-14,home
993,334,2026-02-12,home
994,334,2026-01-27,pricing
995,334,2026-02-02,home
996,335,2026-01-15,home
997,336,2026-01-28,home
998,336,2026-01-09,home
999,336,2026-01-17,home
1000,337,2026-01-23,payment
1001,337,2026-01-20,home
1002,337,2026-01-15,home
1003,337,2026-01-27,home
1004,337,2026-01-27,home
1005,339,2026-02-06,home
1006,339,2026-02-08,home
1007,339,2026-02-16,pricing
1008,340,2026-01-26,payment
1009,340,2026-02-12,home
1010,340,2026-01-25,home
1011,340,2026-02-17,home
1012,340,2026-02-04,pricing
1013,341,2026-02-08,home
1014,341,2026-02-03,home
1015,341,2026-02-08,pricing
1016,341,2026-02-12,home
1017,341,2026-01-24,home
1018,341,2026-02-02,home
1019,342,2026-02-05,home
1020,342,2026-02-17,home
1021,343,2026-02-02,pricing
1022,344,2026-01-11,pricing
1023,344,2026-01-30,home
1024,344,2026-01-13,home
1025,344,2026-01-19,payment
1026,344,2026-01-24,home
1027,344,2026-01-26,payment
1028,345,2026-01-14,pricing
1029,345,2026-01-06,home
1030,345,2026-01-21,home
1031,346,2026-01-10,home
1032,347,2026-02-12,home
1033,347,2026-02-16,payment
1034,347,2026-02-07,home
1035,347,2026-02-03,payment
1036,348,2026-02-07,pricing
1037,348,2026-01-24,pricing
1038,349,2026-02-15,pricing
1039,350,2026-01-25,payment
1040,350,2026-01-27,home
1041,350,2026-01-17,home
1042,350,2026-02-10,home
1043,350,2026-01-18,home
1044,351,2026-02-03,pricing
1045,351,2026-02-18,payment
1046,351,2026-01-29,home
1047,352,2026-02-17,pricing
1048,352,2026-02-13,pricing
1049,353,2026-02-06,payment
1050,353,2026-02-12,home
1051,353,2026-02-25,home
1052,354,2026-02-15,payment
1053,354,2026-02-09,home
1054,354,2026-01-25,home
1055,354,2026-01-22,payment
1056,355,2026-01-07,home
1057,355,2026-01-19,home
1058,355,2026-01-20,home
1059,356,2026-01-27,pricing
1060,356,2026-01-28,home
1061,356,2026-01-12,home
1062,356,2026-01-27,home
1063,357,2026-01-23,payment
1064,357,2026-02-13,pricing
1065,357,2026-01-22,home
1066,357,2026-02-05,home
1067,357,2026-01-30,home
1068,359,2026-02-04,pricing
1069,359,2026-02-10,home
1070,359,2026-01-21,home
1071,360,2026-01-14,pricing
1072,360,2026-01-09,home
1073,360,2026-01-30,pricing
1074,360,2026-01-26,home
1075,360,2026-01-16,payment
1076,361,2026-01-29,home
1077,362,2026-02-14,home
1078,363,2026-02-02,pricing
1079,363,2026-02-09,home
1080,363,2026-02-13,pricing
1081,365,2026-02-07,pricing
1082,365,2026-01-23,payment
1083,365,2026-01-13,home
1084,366,2026-01-09,pricing
1085,366,2026-01-05,home
1086,366,2026-01-18,home
1087,366,2026-01-08,home
1088,367,2026-02-16,home
1089,367,2026-01-31,home
1090,368,2026-01-31,home
1091,368,2026-01-19,payment
1092,369,2026-02-10,payment
1093,369,2026-01-31,home
1094,370,2026-01-04,payment
1095,370,2026-01-15,home
1096,370,2026-01-15,pricing
1097,370,2026-01-16,home
1098,371,2026-01-24,payment
1099,371,2026-01-29,home
1100,371,2026-02-03,pricing
1101,372,2026-02-11,home
1102,373,2026-01-25,payment
1103,373,2026-02-02,home
1104,374,2026-02-06,home
1105,374,2026-02-01,home
1106,374,2026-02-10,pricing
1107,374,2026-02-02,payment
1108,374,2026-02-12,home
1109,374,2026-02-02,home
1110,375,2026-01-22,home
1111,375,2026-01-17,home
1112,375,2026-01-23,home
1113,375,2026-01-17,home
1114,376,2026-02-22,home
1115,376,2026-02-07,payment
1116,376,2026-02-11,home
1117,377,2026-02-04,home
1118,377,2026-01-31,home
1119,377,2026-01-22,pricing
1120,377,2026-02-10,payment
1121,377,2026-02-06,home
1122,378,2026-02-03,pricing
1123,379,2026-02-05,home
1124,379,2026-02-13,home
1125,380,2026-01-11,home
1126,380,2026-01-27,payment
1127,380,2026-01-19,home
1128,380,2026-01-19,home
1129,380,2026-02-03,payment
1130,381,2026-01-08,home
1131,381,2026-01-13,pricing
1132,381,2026-01-31,pricing
1133,382,2026-02-04,home
1134,382,2026-01-14,home
1135,382,2026-01-31,home
1136,383,2026-01-11,home
1137,383,2026-01-20,pricing
1138,383,2026-01-08,home
1139,384,2026-02-16,payment
1140,384,2026-02-12,payment
1141,384,2026-02-08,home
1142,384,2026-02-10,payment
1143,384,2026-01-24,home
1144,384,2026-02-06,home
1145,385,2026-02-23,home
1146,385,2026-02-04,home
1147,385,2026-02-18,home
1148,385,2026-02-11,payment
1149,385,2026-02-22,payment
1150,385,2026-02-21,home
1151,386,2026-01-21,payment
1152,386,2026-01-09,home
1153,386,2026-01-12,payment
1154,387,2026-01-30,home
1155,388,2026-02-05,home
1156,388,2026-02-11,home
1157,388,2026-02-23,payment
1158,388,2026-02-10,payment
1159,388,2026-02-27,home
1160,389,2026-02-17,payment
1161,389,2026-02-16,home
1162,389,2026-02-08,home
1163,389,2026-02-02,pricing
1164,389,2026-02-17,home
1165,390,2026-01-15,home
1166,390,2026-01-17,home
1167,390,2026-02-01,home
1168,390,2026-01-24,home
1169,391,2026-02-05,home
1170,391,2026-02-23,pricing
1171,391,2026-01-28,home
1172,391,2026-01-30,home
1173,392,2026-02-15,home
1174,392,2026-02-25,pricing
1175,392,2026-02-04,payment
1176,393,2026-02-06,home
1177,393,2026-02-09,home
1178,393,2026-02-10,home
1179,393,2026-01-24,home
1180,394,2026-01-19,pricing
1181,394,2026-01-20,home
1182,395,2026-02-05,pricing
1183,395,2026-02-09,home
1184,395,2026-01-19,home
1185,395,2026-01-23,payment
1186,396,2026-01-04,payment
1187,396,2026-01-23,payment
1188,396,2026-01-04,home
1189,396,2026-01-30,home
1190,397,2026-01-28,pricing
1191,397,2026-02-10,home
1192,398,2026-01-26,payment
1193,398,2026-01-26,payment
1194,398,2026-01-05,home
1195,399,2026-02-09,pricing
1196,399,2026-01-19,pricing
1197,399,2026-01-28,home
1198,400,2026-02-06,payment
1199,400,2026-02-10,home
1200,401,2026-01-11,payment
1201,401,2026-01-20,pricing
1202,401,2026-01-28,payment
1203,401,2026-01-21,home
1204,402,2026-01-19,home
1205,402,2026-01-06,home
1206,402,2026-01-08,home
1207,402,2026-02-02,payment
1208,403,2026-01-11,home
1209,403,2026-01-13,home
1210,403,2026-01-09,home
1211,404,2026-01-19,home
1212,405,2026-01-06,home
1213,405,2026-01-22,pricing
1214,405,2026-01-15,pricing
1215,405,2026-01-29,home
1216,406,2026-01-31,pricing
1217,406,2026-02-03,payment
1218,406,2026-02-01,home
1219,407,2026-01-21,home
1220,407,2026-01-26,home
1221,407,2026-02-17,home
1222,408,2026-02-04,pricing
1223,408,2026-02-11,home
1224,408,2026-01-28,home
1225,408,2026-01-22,home
1226,409,2026-02-14,home
1227,409,2026-02-07,pricing
1228,409,2026-02-17,payment
1229,409,2026-02-14,home
1230,410,2026-02-18,home
1231,410,2026-01-24,payment
1232,410,2026-01-29,payment
1233,410,2026-02-19,home
1234,411,2026-01-08,payment
1235,411,2026-01-13,home
1236,411,2026-01-26,home
1237,411,2026-02-06,pricing
1238,412,2026-01-08,home
1239,413,2026-01-18,home
1240,413,2026-01-12,pricing
1241,413,2026-01-28,pricing
1242,413,2026-01-15,pricing
1243,413,2026-01-14,home
1244,414,2026-02-01,home
1245,414,2026-02-05,pricing
1246,415,2026-01-25,payment
1247,415,2026-01-08,home
1248,415,2026-01-07,home
1249,415,2026-01-21,home
1250,415,2026-01-22,payment
1251,415,2026-01-24,home
1252,415,2026-01-26,pricing
1253,416,2026-01-20,home
1254,416,2026-02-07,home
1255,416,2026-02-13,home
1256,416,2026-02-12,home
1257,416,2026-01-29,payment
1258,416,2026-02-09,home
1259,416,2026-02-11,home
1260,418,2026-01-30,home
1261,418,2026-02-21,home
1262,418,2026-02-20,pricing
1263,418,2026-02-22,payment
1264,418,2026-02-05,home
1265,419,2026-02-08,pricing
1266,419,2026-02-13,pricing
1267,419,2026-01-20,home
1268,420,2026-01-22,home
1269,420,2026-02-03,home
1270,420,2026-02-05,pricing
1271,420,2026-02-13,home
1272,421,2026-02-01,pricing
1273,421,2026-02-19,home
1274,421,2026-01-30,home
1275,422,2026-02-15,home
1276,422,2026-01-22,pricing
1277,423,2026-01-20,payment
1278,423,2026-01-31,home
1279,423,2026-02-09,home
1280,423,2026-01-25,home
1281,424,2026-02-02,home
1282,424,2026-02-19,payment
1283,424,2026-02-26,home
1284,424,2026-02-26,home
1285,425,2026-01-30,home
1286,426,2026-01-24,home
1287,426,2026-01-16,pricing
1288,427,2026-02-01,payment
1289,427,2026-01-30,home
1290,428,2026-01-30,pricing
1291,428,2026-01-25,home
1292,429,2026-02-09,payment
1293,429,2026-02-04,home
1294,430,2026-01-21,payment
1295,431,2026-02-14,payment
1296,431,2026-02-13,home
1297,431,2026-02-07,home
1298,431,2026-02-09,home
1299,432,2026-02-08,home
1300,432,2026-02-12,home
1301,432,2026-01-30,payment
1302,432,2026-02-25,payment
1303,433,2026-01-30,home
1304,433,2026-01-19,home
1305,433,2026-01-13,payment
1306,433,2026-01-12,pricing
1307,434,2026-02-02,home
1308,434,2026-02-15,home
1309,435,2026-02-12,pricing
1310,435,2026-02-18,payment
1311,435,2026-02-10,pricing
1312,436,2026-01-01,home
1313,436,2026-01-30,home
1314,436,2026-01-29,payment
1315,437,2026-02-22,home
1316,438,2026-02-06,home
1317,438,2026-02-12,home
1318,438,2026-01-26,home
1319,438,2026-01-26,pricing
1320,439,2026-01-10,pricing
1321,439,2026-01-24,home
1322,440,2026-01-10,home
1323,440,2026-01-07,payment
1324,441,2026-01-29,home
1325,441,2026-01-29,home
1326,441,2026-02-17,pricing
1327,441,2026-02-16,home
1328,441,2026-02-18,home
1329,441,2026-02-26,home
1330,442,2026-02-06,home
1331,442,2026-02-05,payment
1332,442,2026-02-02,home
1333,444,2026-02-16,home
1334,444,2026-01-27,home
1335,444,2026-01-23,pricing
1336,444,2026-02-02,payment
1337,444,2026-01-25,home
1338,445,2026-01-08,home
1339,445,2026-01-08,home
1340,446,2026-02-01,payment
1341,446,2026-01-15,payment
1342,446,2026-01-28,home
1343,446,2026-01-19,home
1344,447,2026-02-08,home
1345,447,2026-02-11,payment
1346,447,2026-02-07,home
1347,447,2026-02-11,home
1348,447,2026-01-19,pricing
1349,447,2026-02-04,home
1350,448,2026-01-29,home
1351,449,2026-01-31,home
1352,449,2026-01-24,payment
1353,450,2026-02-06,payment
1354,450,2026-02-02,home
1355,451,2026-02-02,pricing
1356,451,2026-02-25,home
1357,451,2026-02-27,payment
1358,451,2026-02-11,home
1359,451,2026-02-03,home
1360,451,2026-02-14,home
1361,452,2026-02-07,payment
1362,452,2026-02-13,payment
1363,452,2026-02-16,home
1364,452,2026-02-20,payment
1365,452,2026-02-16,home
1366,453,2026-02-03,pricing
1367,453,2026-02-08,payment
1368,453,2026-01-19,pricing
1369,454,2026-02-02,pricing
1370,454,2026-02-16,home
1371,454,2026-02-09,home
1372,454,2026-01-27,pricing
1373,454,2026-02-13,home
1374,455,2026-02-01,home
1375,455,2026-01-29,payment
1376,455,2026-01-12,pricing
1377,457,2026-02-19,home
1378,458,2026-01-10,pricing
1379,459,2026-01-17,payment
1380,460,2026-02-17,pricing
1381,460,2026-01-29,home
1382,460,2026-01-26,pricing
1383,461,2026-02-16,pricing
1384,461,2026-02-27,home
1385,461,2026-02-19,home
1386,463,2026-01-21,pricing
1387,463,2026-01-21,home
1388,463,2026-02-02,home
1389,464,2026-02-02,home
1390,465,2026-01-10,pricing
1391,465,2026-01-20,pricing
1392,465,2026-01-29,payment
1393,465,2026-01-17,home
1394,466,2026-02-03,home
1395,466,2026-02-01,home
1396,466,2026-02-12,home
1397,466,2026-02-22,pricing
1398,467,2026-01-25,home
1399,467,2026-01-23,home
1400,468,2026-02-11,home
1401,468,2026-01-20,payment
1402,468,2026-02-06,home
1403,468,2026-02-17,pricing
1404,468,2026-02-07,home
1405,469,2026-02-07,pricing
1406,469,2026-02-08,home
1407,469,2026-02-23,home
1408,470,2026-02-19,home
1409,470,2026-02-06,pricing
1410,470,2026-01-31,home
1411,470,2026-02-06,home
1412,471,2026-02-12,home
1413,471,2026-01-25,home
1414,471,2026-01-29,home
1415,472,2026-01-26,payment
1416,472,2026-01-26,payment
1417,472,2026-01-14,payment
1418,473,2026-01-19,home
1419,473,2026-01-06,home
1420,474,2026-02-04,payment
1421,474,2026-01-26,pricing
1422,474,2026-01-25,home
1423,474,2026-01-27,home
1424,474,2026-02-16,home
1425,476,2026-01-20,home
1426,476,2026-01-24,payment
1427,476,2026-01-20,home
1428,476,2026-01-11,pricing
1429,476,2026-01-29,home
1430,477,2026-02-19,home
1431,477,2026-02-08,home
1432,477,2026-02-08,home
1433,477,2026-01-31,pricing
1434,477,2026-01-24,home
1435,478,2026-02-05,home
1436,478,2026-02-15,pricing
1437,478,2026-02-09,home
1438,479,2026-01-20,pricing
1439,479,2026-01-07,home
1440,480,2026-02-02,home
1441,480,2026-01-15,pricing
1442,480,2026-01-24,payment
1443,481,2026-01-26,home
1444,481,2026-01-28,home
1445,481,2026-01-30,home
1446,482,2026-02-22,payment
1447,483,2026-02-04,home
1448,483,2026-02-10,pricing
1449,484,2026-01-26,home
1450,484,2026-01-25,home
1451,484,2026-02-11,home
1452,484,2026-02-04,payment
1453,485,2026-02-08,home
1454,485,2026-02-18,home
1455,485,2026-01-31,payment
1456,486,2026-01-24,home
1457,486,2026-01-29,home
1458,486,2026-02-17,home
1459,487,2026-01-29,home
1460,487,2026-01-22,home
1461,487,2026-01-05,home
1462,488,2026-02-07,home
1463,488,2026-02-05,payment
1464,488,2026-02-14,pricing
1465,489,2026-01-19,pricing
1466,489,2026-01-18,pricing
1467,489,2026-01-27,home
1468,489,2026-01-22,pricing
1469,490,2026-01-24,home
1470,490,2026-01-28,home
1471,491,2026-02-04,home
1472,491,2026-02-16,home
1473,491,2026-02-03,home
1474,491,2026-02-10,home
1475,491,2026-02-16,payment
1476,492,2026-01-28,pricing
1477,492,2026-01-21,pricing
1478,492,2026-01-17,payment
1479,492,2026-01-28,home
1480,492,2026-01-29,home
1481,492,2026-02-12,home
1482,493,2026-01-24,home
1483,493,2026-02-01,home
1484,494,2026-01-30,home
1485,494,2026-01-24,home
1486,494,2026-01-22,pricing
1487,494,2026-01-08,home
1488,494,2026-01-03,pricing
1489,494,2026-01-06,home
1490,495,2026-01-10,home
1491,496,2026-01-19,home
1492,496,2026-01-27,pricing
1493,496,2026-01-31,home
1494,496,2026-01-15,home
1495,497,2026-01-31,pricing
1496,497,2026-01-30,home
1497,497,2026-02-02,payment
1498,497,2026-02-07,home
1499,498,2026-01-22,home
1500,498,2026-01-16,home
1501,498,2026-01-19,payment
1502,499,2026-01-12,payment
1503,499,2026-01-10,payment
1504,500,2026-02-04,home
1505,500,2026-02-20,pricing
1506,500,2026-02-27,payment
1507,500,2026-02-05,payment
1508,500,2026-01-30,payment
1509,501,2026-02-02,payment
1510,502,2026-01-30,home
1511,502,2026-02-11,payment
1512,502,2026-01-27,home
1513,502,2026-01-30,pricing
1514,503,2026-02-16,pricing
1515,503,2026-02-22,pricing
1516,503,2026-02-13,home
1517,503,2026-02-01,pricing
1518,503,2026-01-28,payment
1519,504,2026-01-03,pricing
1520,504,2026-01-12,home
1521,504,2026-01-16,home
1522,504,2026-01-18,home
1523,505,2026-01-25,home
1524,505,2026-02-07,home
1525,505,2026-01-21,home
1526,505,2026-01-29,home
1527,505,2026-02-09,home
1528,505,2026-01-26,home
1529,505,2026-02-02,home
1530,506,2026-01-30,home
1531,506,2026-02-18,home
1532,506,2026-02-11,home
1533,506,2026-02-18,home
1534,506,2026-02-19,home
1535,507,2026-01-29,home
1536,507,2026-01-28,home
1537,507,2026-02-18,home
1538,508,2026-02-08,pricing
1539,508,2026-01-26,home
1540,509,2026-02-18,pricing
1541,509,2026-02-14,payment
1542,509,2026-02-13,home
1543,510,2026-02-23,home
1544,510,2026-01-31,pricing
1545,511,2026-01-23,pricing
1546,511,2026-01-29,home
1547,511,2026-01-17,pricing
1548,511,2026-02-02,home
1549,511,2026-01-21,payment
1550,511,2026-01-11,pricing
1551,511,2026-01-14,home
1552,511,2026-01-27,pricing
1553,512,2026-02-09,payment
1554,512,2026-02-09,payment
1555,512,2026-02-10,home
1556,512,2026-02-06,home
1557,513,2026-01-27,home
1558,513,2026-01-10,home
1559,513,2026-01-20,payment
1560,514,2026-01-15,payment
1561,514,2026-01-16,home
1562,514,2026-01-25,payment
1563,515,2026-02-04,payment
1564,517,2026-01-09,home
1565,517,2026-02-01,home
1566,518,2026-01-15,payment
1567,519,2026-01-23,payment
1568,519,2026-01-17,home
1569,519,2026-01-26,payment
1570,519,2026-02-13,home
1571,520,2026-01-15,pricing
1572,520,2026-02-08,payment
1573,520,2026-02-07,payment
1574,521,2026-01-12,home
1575,521,2026-01-29,pricing
1576,522,2026-01-21,pricing
1577,522,2026-02-01,home
1578,522,2026-02-04,home
1579,523,2026-02-14,pricing
1580,523,2026-01-26,home
1581,523,2026-02-11,home
1582,523,2026-02-13,home
1583,524,2026-01-28,home
1584,524,2026-01-31,home
1585,525,2026-02-21,pricing
1586,525,2026-01-29,pricing
1587,525,2026-02-24,home
1588,525,2026-02-18,home
1589,526,2026-01-27,home
1590,527,2026-01-20,payment
1591,527,2026-01-31,home
1592,528,2026-02-03,payment
1593,529,2026-01-31,home
1594,529,2026-02-18,home
1595,529,2026-02-14,pricing
1596,529,2026-02-13,payment
1597,529,2026-02-16,pricing
1598,530,2026-02-05,pricing
1599,531,2026-02-12,home
1600,531,2026-01-30,home
1601,532,2026-02-06,home
1602,532,2026-02-06,home
1603,532,2026-02-01,home
1604,533,2026-02-07,payment
1605,533,2026-02-21,home
1606,533,2026-02-08,home
1607,533,2026-02-04,home
1608,534,2026-02-08,home
1609,534,2026-02-17,pricing
1610,535,2026-02-08,home
1611,535,2026-02-14,home
1612,535,2026-02-10,home
1613,536,2026-02-05,home
1614,536,2026-02-18,home
1615,537,2026-02-12,pricing
1616,537,2026-02-24,home
1617,537,2026-02-08,payment
1618,537,2026-02-05,home
1619,537,2026-02-17,payment
1620,538,2026-02-04,payment
1621,538,2026-02-01,payment
1622,538,2026-02-01,home
1623,539,2026-01-19,home
1624,539,2026-02-12,payment
1625,539,2026-01-28,pricing
1626,540,2026-02-18,home
1627,540,2026-01-26,home
1628,540,2026-01-28,home
1629,540,2026-02-02,payment
1630,540,2026-01-28,home
1631,540,2026-02-07,pricing
1632,541,2026-01-31,home
1633,541,2026-01-19,payment
1634,542,2026-02-04,home
1635,543,2026-02-09,pricing
1636,543,2026-01-22,home
1637,543,2026-01-15,payment
1638,543,2026-01-29,home
1639,543,2026-02-01,home
1640,544,2026-02-03,payment
1641,544,2026-02-08,payment
1642,545,2026-01-19,home
1643,545,2026-02-04,payment
1644,546,2026-02-05,home
1645,546,2026-02-20,home
1646,546,2026-02-21,home
1647,546,2026-02-02,home
1648,546,2026-02-05,home
1649,546,2026-02-13,home
1650,547,2026-01-06,pricing
1651,548,2026-01-28,payment
1652,548,2026-01-16,home
1653,548,2026-01-16,payment
1654,548,2026-01-06,pricing
1655,548,2026-01-29,home
1656,549,2026-01-28,home
1657,549,2026-01-11,home
1658,550,2026-02-09,home
1659,550,2026-01-21,pricing
1660,550,2026-02-04,home
1661,550,2026-02-12,home
1662,550,2026-01-31,home
1663,550,2026-01-22,home
1664,551,2026-01-30,home
1665,552,2026-01-28,pricing
1666,552,2026-01-27,home
1667,552,2026-01-16,home
1668,552,2026-01-15,payment
1669,552,2026-02-05,home
1670,552,2026-02-02,home
1671,553,2026-01-21,home
1672,553,2026-01-12,home
1673,553,2026-01-27,payment
1674,553,2026-01-26,home
1675,553,2026-01-19,payment
1676,554,2026-01-15,home
1677,554,2026-01-24,home
1678,555,2026-01-29,home
1679,555,2026-02-04,home
1680,555,2026-01-10,home
1681,555,2026-01-22,home
1682,555,2026-01-25,pricing
1683,557,2026-01-31,home
1684,557,2026-01-30,payment
1685,557,2026-01-31,home
1686,557,2026-01-09,home
1687,558,2026-02-09,home
1688,558,2026-01-21,home
1689,559,2026-02-10,pricing
1690,559,2026-02-16,home
1691,559,2026-01-20,home
1692,559,2026-02-11,home
1693,560,2026-02-12,home
1694,561,2026-02-12,home
1695,561,2026-02-12,payment
1696,562,2026-01-20,home
1697,562,2026-01-31,home
1698,562,2026-01-30,pricing
1699,562,2026-01-05,home
1700,563,2026-02-08,payment
1701,564,2026-01-18,payment
1702,564,2026-01-28,home
1703,565,2026-02-03,payment
1704,565,2026-02-04,home
1705,565,2026-02-09,payment
1706,566,2026-01-31,pricing
1707,566,2026-01-21,pricing
1708,566,2026-01-22,home
1709,566,2026-02-03,home
1710,567,2026-02-09,pricing
1711,568,2026-01-18,pricing
1712,568,2026-02-16,home
1713,568,2026-02-16,payment
1714,568,2026-02-02,pricing
1715,568,2026-02-03,home
1716,569,2026-02-08,payment
1717,570,2026-01-26,home
1718,570,2026-01-10,payment
1719,570,2026-01-21,pricing
1720,571,2026-02-12,payment
1721,572,2026-01-28,pricing
1722,572,2026-01-24,pricing
1723,573,2026-02-15,payment
1724,573,2026-02-07,home
1725,574,2026-02-17,home
1726,574,2026-02-15,home
1727,574,2026-01-31,home
1728,574,2026-02-08,payment
1729,575,2026-01-22,home
1730,575,2026-01-27,home
1731,575,2026-01-28,home
1732,576,2026-02-23,home
1733,577,2026-02-09,home
1734,577,2026-02-06,pricing
1735,577,2026-01-30,home
1736,578,2026-02-14,home
1737,578,2026-02-07,home
1738,579,2026-02-14,home
1739,580,2026-01-16,payment
1740,580,2026-01-05,home
1741,580,2026-01-23,pricing
1742,580,2026-01-14,home
1743,580,2026-02-03,home
1744,581,2026-01-30,payment
1745,581,2026-02-19,pricing
1746,581,2026-02-19,home
1747,583,2026-02-12,home
1748,583,2026-02-23,home
1749,583,2026-02-03,home
1750,584,2026-01-23,home
1751,584,2026-02-05,payment
1752,584,2026-02-17,home
1753,586,2026-01-26,home
1754,586,2026-01-13,home
1755,586,2026-01-21,home
1756,587,2026-01-30,payment
1757,587,2026-01-24,home
1758,587,2026-01-21,home
1759,588,2026-01-28,home
1760,588,2026-01-13,pricing
1761,588,2026-01-27,home
1762,588,2026-01-10,home
1763,589,2026-02-06,home
1764,589,2026-01-30,payment
1765,589,2026-02-12,pricing
1766,590,2026-02-09,home
1767,590,2026-02-20,pricing
1768,590,2026-02-04,payment
1769,590,2026-02-01,pricing
1770,590,2026-01-30,payment
1771,591,2026-01-24,home
1772,591,2026-01-15,home
1773,592,2026-01-26,pricing
1774,592,2026-02-02,home
1775,592,2026-02-13,pricing
1776,593,2026-01-19,payment
1777,594,2026-02-20,pricing
1778,594,2026-02-23,home
1779,594,2026-02-05,pricing
1780,595,2026-02-15,pricing
1781,595,2026-02-14,payment
1782,595,2026-02-20,home
1783,595,2026-01-22,home
1784,596,2026-01-17,home
1785,596,2026-01-29,home
1786,597,2026-01-30,home
1787,597,2026-02-21,home
1788,597,2026-02-12,pricing
1789,598,2026-01-13,pricing
1790,599,2026-02-05,home
1791,599,2026-02-09,pricing
1792,599,2026-01-30,home
1793,599,2026-01-22,home
1794,599,2026-01-16,home
1795,600,2026-02-06,home
1796,600,2026-01-28,home
1797,600,2026-02-14,pricing
1798,600,2026-01-21,home
1799,600,2026-01-27,payment
1800,601,2026-01-06,payment
1801,601,2026-01-24,pricing
1802,602,2026-01-20,home
1803,602,2026-01-22,pricing
1804,602,2026-02-04,pricing
1805,603,2026-02-05,payment
1806,603,2026-02-06,pricing
1807,604,2026-01-19,payment
1808,604,2026-02-03,payment
1809,604,2026-01-15,home
1810,604,2026-01-23,payment
1811,604,2026-01-24,home
1812,604,2026-01-07,home
1813,606,2026-02-16,pricing
1814,606,2026-01-23,payment
1815,606,2026-02-06,home
1816,606,2026-02-08,pricing
1817,607,2026-02-04,payment
1818,608,2026-02-13,pricing
1819,608,2026-02-18,home
1820,608,2026-01-26,payment
1821,608,2026-02-17,pricing
1822,609,2026-01-24,home
1823,609,2026-01-24,payment
1824,610,2026-01-29,home
1825,611,2026-02-01,home
1826,611,2026-02-04,payment
1827,611,2026-02-24,home
1828,612,2026-01-28,home
1829,612,2026-01-16,home
1830,612,2026-01-24,home
1831,613,2026-02-12,home
1832,613,2026-01-19,home
1833,613,2026-01-28,payment
1834,613,2026-02-06,home
1835,613,2026-02-16,payment
1836,614,2026-02-01,payment
1837,614,2026-01-07,pricing
1838,614,2026-01-22,pricing
1839,614,2026-01-22,home
1840,615,2026-02-14,payment
1841,615,2026-02-12,pricing
1842,615,2026-01-23,home
1843,616,2026-02-23,payment
1844,616,2026-02-15,home
1845,616,2026-02-19,home
1846,616,2026-02-05,home
1847,617,2026-02-07,pricing
1848,617,2026-02-01,home
1849,617,2026-02-20,payment
1850,617,2026-02-08,payment
1851,618,2026-01-22,pricing
1852,618,2026-02-03,pricing
1853,618,2026-02-01,home
1854,618,2026-01-27,home
1855,619,2026-01-31,pricing
1856,619,2026-02-13,payment
1857,620,2026-01-09,home
1858,620,2026-01-12,home
1859,620,2026-02-02,payment
1860,620,2026-01-15,home
1861,621,2026-01-24,home
1862,621,2026-01-31,home
1863,621,2026-01-17,home
1864,622,2026-02-14,home
1865,622,2026-02-03,pricing
1866,622,2026-01-17,payment
1867,622,2026-01-27,home
1868,623,2026-02-28,home
1869,623,2026-02-12,home
1870,624,2026-02-09,home
1871,625,2026-02-20,home
1872,625,2026-02-03,home
1873,625,2026-02-25,pricing
1874,626,2026-02-11,home
1875,626,2026-01-20,payment
1876,626,2026-02-09,pricing
1877,627,2026-01-12,home
1878,627,2026-01-08,home
1879,627,2026-01-25,home
1880,628,2026-01-21,pricing
1881,628,2026-01-29,home
1882,628,2026-02-01,home
1883,629,2026-01-19,home
1884,629,2026-02-10,pricing
1885,629,2026-02-01,home
1886,629,2026-02-11,payment
1887,630,2026-02-20,home
1888,630,2026-01-28,pricing
1889,630,2026-02-05,payment
1890,630,2026-02-09,home
1891,630,2026-01-28,home
1892,631,2026-02-08,pricing
1893,631,2026-02-21,home
1894,632,2026-01-16,home
1895,632,2026-01-20,home
1896,632,2026-01-31,home
1897,632,2026-01-31,home
1898,633,2026-02-02,home
1899,633,2026-02-07,home
1900,634,2026-01-19,pricing
1901,634,2026-01-07,payment
1902,635,2026-01-27,pricing
1903,635,2026-01-04,payment
1904,635,2026-01-31,payment
1905,635,2026-01-18,home
1906,635,2026-01-05,payment
1907,635,2026-01-28,home
1908,636,2026-01-01,home
1909,636,2026-01-16,payment
1910,636,2026-01-23,payment
1911,636,2026-01-26,pricing
1912,637,2026-02-01,home
1913,637,2026-02-24,home
1914,637,2026-02-17,payment
1915,638,2026-02-19,home
1916,638,2026-02-13,home
1917,638,2026-01-30,payment
1918,638,2026-02-19,pricing
1919,638,2026-02-18,payment
1920,638,2026-02-03,home
1921,639,2026-01-18,home
1922,640,2026-02-14,payment
1923,640,2026-02-17,home
1924,640,2026-01-30,home
1925,640,2026-01-27,home
1926,640,2026-01-23,home
1927,641,2026-01-30,home
1928,641,2026-01-26,home
1929,641,2026-02-23,payment
1930,642,2026-01-31,home
1931,642,2026-01-29,home
1932,643,2026-02-20,home
1933,643,2026-02-18,pricing
1934,644,2026-01-13,pricing
1935,644,2026-01-16,pricing
1936,644,2026-01-12,home
1937,644,2026-02-02,home
1938,645,2026-01-26,home
1939,646,2026-01-24,pricing
1940,646,2026-01-19,pricing
1941,646,2026-01-02,payment
1942,646,2026-01-30,pricing
1943,646,2026-01-17,pricing
1944,646,2026-01-16,home
1945,647,2026-02-13,payment
1946,647,2026-02-10,home
1947,648,2026-01-17,pricing
1948,648,2026-01-21,home
1949,648,2026-01-12,home
1950,648,2026-01-31,pricing
1951,649,2026-01-28,payment
1952,649,2026-01-28,home
1953,649,2026-02-24,home
1954,649,2026-02-23,home
1955,649,2026-02-16,payment
1956,649,2026-02-07,home
1957,650,2026-02-04,home
1958,650,2026-01-22,home
1959,651,2026-02-21,home
1960,651,2026-02-07,payment
1961,652,2026-01-29,home
1962,652,2026-01-30,home
1963,653,2026-02-08,pricing
1964,653,2026-02-02,payment
1965,653,2026-02-07,pricing
1966,653,2026-02-05,home
1967,654,2026-01-12,payment
1968,654,2026-01-11,home
1969,654,2026-01-19,home
1970,654,2026-02-02,home
1971,654,2026-01-22,pricing
1972,654,2026-01-21,pricing
1973,655,2026-01-15,home
1974,655,2026-01-27,home
1975,655,2026-01-23,home
1976,656,2026-01-30,home
1977,656,2026-01-11,home
1978,656,2026-01-23,home
1979,656,2026-01-25,pricing
1980,657,2026-01-29,home
1981,657,2026-01-29,home
1982,658,2026-02-18,home
1983,658,2026-02-21,payment
1984,659,2026-02-06,home
1985,659,2026-01-17,home
1986,660,2026-02-14,home
1987,661,2026-01-07,home
1988,661,2026-01-27,home
1989,661,2026-01-29,home
1990,661,2026-01-25,pricing
1991,662,2026-02-03,home
1992,662,2026-02-10,home
1993,664,2026-02-23,home
1994,664,2026-02-05,pricing
1995,664,2026-02-17,payment
1996,665,2026-02-04,home
1997,665,2026-02-11,payment
1998,666,2026-02-14,home
1999,666,2026-02-08,payment
2000,666,2026-01-26,home
2001,666,2026-02-11,pricing
2002,666,2026-02-06,payment
2003,666,2026-02-05,payment
2004,666,2026-01-29,home
2005,667,2026-01-19,home
2006,668,2026-02-15,home
2007,668,2026-01-21,pricing
2008,668,2026-02-13,pricing
2009,668,2026-01-20,home
2010,669,2026-01-26,home
2011,669,2026-01-12,home
2012,669,2026-01-14,home
2013,670,2026-02-03,home
2014,670,2026-02-24,home
2015,670,2026-02-21,home
2016,670,2026-02-01,home
2017,671,2026-01-18,home
2018,671,2026-01-07,pricing
2019,672,2026-01-04,home
2020,672,2026-01-20,home
2021,672,2026-01-04,home
2022,672,2026-01-21,home
2023,673,2026-02-23,pricing
2024,673,2026-02-08,home
2025,673,2026-02-12,payment
2026,673,2026-02-16,payment
2027,673,2026-02-15,home
2028,675,2026-01-21,home
2029,675,2026-01-20,home
2030,675,2026-01-23,pricing
2031,676,2026-01-28,pricing
2032,676,2026-01-10,home
2033,676,2026-01-16,home
2034,677,2026-01-19,pricing
2035,677,2026-01-18,payment
2036,678,2026-01-22,home
2037,678,2026-01-28,home
2038,678,2026-01-19,home
2039,678,2026-01-05,home
2040,678,2026-01-24,pricing
2041,679,2026-01-03,home
2042,679,2026-01-22,home
2043,679,2026-01-07,pricing
2044,679,2026-01-09,home
2045,679,2026-01-21,payment
2046,680,2026-01-13,home
2047,680,2026-01-01,payment
2048,681,2026-01-22,payment
2049,681,2026-01-31,home
2050,682,2026-01-10,pricing
2051,683,2026-01-17,pricing
2052,683,2026-02-01,home
2053,683,2026-01-29,home
2054,683,2026-01-13,payment
2055,684,2026-02-04,home
2056,684,2026-01-12,home
2057,684,2026-01-24,home
2058,684,2026-01-17,payment
2059,684,2026-02-04,home
2060,685,2026-02-09,payment
2061,685,2026-02-09,pricing
2062,685,2026-02-20,pricing
2063,686,2026-01-27,home
2064,686,2026-01-15,payment
2065,687,2026-01-18,home
2066,687,2026-02-09,home
2067,687,2026-02-03,home
2068,687,2026-02-10,pricing
2069,687,2026-01-30,payment
2070,687,2026-02-07,home
2071,688,2026-02-08,home
2072,689,2026-01-30,pricing
2073,689,2026-01-28,home
2074,689,2026-01-21,home
2075,689,2026-01-14,pricing
2076,689,2026-01-04,home
2077,690,2026-02-15,home
2078,690,2026-01-30,pricing
2079,690,2026-02-16,home
2080,690,2026-02-22,pricing
2081,691,2026-02-10,home
2082,691,2026-02-03,payment
2083,691,2026-01-20,pricing
2084,691,2026-02-14,home
2085,692,2026-01-25,home
2086,692,2026-02-08,home
2087,692,2026-02-07,home
2088,692,2026-02-09,payment
2089,693,2026-01-07,home
2090,693,2026-01-31,home
2091,693,2026-01-08,home
2092,694,2026-01-28,home
2093,694,2026-02-03,home
2094,694,2026-01-23,home
2095,694,2026-02-09,payment
2096,694,2026-02-10,home
2097,694,2026-02-21,payment
2098,695,2026-02-04,home
2099,695,2026-01-28,pricing
2100,695,2026-02-13,home
2101,696,2026-02-22,payment
2102,696,2026-01-29,home
2103,697,2026-02-03,home
2104,697,2026-01-23,home
2105,697,2026-02-02,home
2106,698,2026-02-20,home
2107,698,2026-02-23,pricing
2108,699,2026-02-11,pricing
2109,699,2026-02-12,home
2110,699,2026-02-10,home
2111,700,2026-01-31,payment
2112,700,2026-01-25,home
2113,700,2026-02-07,payment
2114,701,2026-02-23,pricing
2115,701,2026-01-26,home
2116,702,2026-02-24,pricing
2117,702,2026-02-12,home
2118,702,2026-02-20,payment
2119,702,2026-02-15,home
2120,702,2026-02-02,home
2121,702,2026-02-05,home
2122,702,2026-02-17,home
2123,703,2026-01-10,home
2124,703,2026-01-31,home
2125,703,2026-01-27,payment
2126,705,2026-02-04,home
2127,705,2026-01-17,pricing
2128,705,2026-02-04,home
2129,705,2026-01-18,home
2130,705,2026-02-06,pricing
2131,706,2026-02-02,payment
2132,706,2026-01-21,home
2133,707,2026-01-19,home
2134,707,2026-01-22,home
2135,708,2026-02-11,home
2136,708,2026-02-09,home
2137,708,2026-02-16,home
2138,708,2026-02-13,home
2139,708,2026-02-23,home
2140,709,2026-01-28,home
2141,709,2026-01-31,home
2142,709,2026-02-14,payment
2143,709,2026-02-14,home
2144,709,2026-02-18,payment
2145,710,2026-01-24,home
2146,711,2026-01-18,home
2147,711,2026-01-17,home
2148,712,2026-02-03,home
2149,712,2026-01-16,home
2150,712,2026-01-11,payment
2151,713,2026-02-22,home
2152,713,2026-02-07,payment
2153,713,2026-02-04,pricing
2154,715,2026-01-15,pricing
2155,715,2026-02-01,payment
2156,715,2026-01-25,home
2157,715,2026-01-16,payment
2158,716,2026-02-15,home
2159,716,2026-02-13,home
2160,716,2026-02-14,home
2161,717,2026-02-10,pricing
2162,718,2026-02-21,pricing
2163,718,2026-02-27,home
2164,718,2026-02-02,home
2165,718,2026-02-02,home
2166,719,2026-02-13,home
2167,719,2026-02-19,home
2168,719,2026-02-10,payment
2169,719,2026-02-18,home
2170,720,2026-01-15,home
2171,720,2026-01-13,pricing
2172,720,2026-01-23,home
2173,721,2026-01-20,home
2174,721,2026-01-19,payment
2175,722,2026-01-21,home
2176,722,2026-01-05,home
2177,723,2026-01-27,home
2178,724,2026-02-05,payment
2179,724,2026-02-13,payment
2180,724,2026-02-10,pricing
2181,725,2026-01-30,payment
2182,726,2026-01-25,home
2183,726,2026-01-26,home
2184,727,2026-01-14,pricing
2185,727,2026-01-21,home
2186,728,2026-01-28,payment
2187,728,2026-01-18,home
2188,728,2026-02-07,home
2189,729,2026-01-30,home
2190,730,2026-01-22,home
2191,730,2026-02-05,pricing
2192,731,2026-02-15,pricing
2193,731,2026-01-30,home
2194,731,2026-01-26,pricing
2195,732,2026-02-02,home
2196,732,2026-02-01,payment
2197,732,2026-01-22,payment
2198,732,2026-01-18,payment
2199,732,2026-01-08,pricing
2200,732,2026-01-20,payment
2201,733,2026-02-19,home
2202,733,2026-02-16,home
2203,733,2026-02-12,home
2204,733,2026-01-28,home
2205,733,2026-01-25,pricing
2206,733,2026-02-01,pricing
2207,734,2026-02-11,pricing
2208,734,2026-02-16,pricing
2209,735,2026-02-25,home
2210,735,2026-02-05,home
2211,736,2026-02-03,home
2212,736,2026-01-26,payment
2213,736,2026-01-17,home
2214,737,2026-01-30,pricing
2215,737,2026-01-30,pricing
2216,738,2026-02-11,home
2217,738,2026-02-14,home
2218,738,2026-01-23,home
2219,738,2026-02-03,home
2220,738,2026-01-22,home
2221,738,2026-01-20,payment
2222,738,2026-01-31,pricing
2223,739,2026-01-31,home
2224,739,2026-01-27,home
2225,739,2026-02-19,home
2226,739,2026-02-06,home
2227,740,2026-01-28,home
2228,740,2026-02-03,home
2229,740,2026-01-20,home
2230,741,2026-01-26,home
2231,741,2026-02-18,pricing
2232,742,2026-02-21,home
2233,742,2026-02-22,home
2234,743,2026-01-20,pricing
2235,743,2026-01-26,pricing
2236,743,2026-01-21,home
2237,744,2026-01-09,home
2238,744,2026-02-06,payment
2239,744,2026-01-16,home
2240,745,2026-02-14,payment
2241,745,2026-02-21,home
2242,745,2026-02-16,home
2243,745,2026-02-18,home
2244,746,2026-02-06,home
2245,746,2026-02-14,home
2246,746,2026-01-29,home
2247,747,2026-01-21,home
2248,747,2026-01-21,home
2249,748,2026-01-30,payment
2250,748,2026-02-02,home
2251,748,2026-01-30,home
2252,748,2026-02-07,payment
2253,748,2026-02-17,home
2254,749,2026-02-15,pricing
2255,749,2026-02-05,home
2256,750,2026-02-02,home
2257,750,2026-01-22,pricing
2258,751,2026-01-29,home
2259,751,2026-02-05,home
2260,751,2026-02-14,pricing
2261,751,2026-01-31,home
2262,753,2026-01-29,home
2263,753,2026-01-17,home
2264,753,2026-01-27,home
2265,753,2026-01-26,payment
2266,753,2026-02-01,pricing
2267,754,2026-01-30,home
2268,754,2026-02-15,payment
2269,754,2026-02-18,home
2270,754,2026-02-07,payment
2271,755,2026-02-02,home
2272,755,2026-01-30,home
2273,756,2026-01-25,home
2274,756,2026-01-25,pricing
2275,757,2026-01-19,home
2276,757,2026-02-02,home
2277,757,2026-01-05,home
2278,757,2026-01-21,home
2279,757,2026-01-14,home
2280,757,2026-01-15,home
2281,758,2026-01-30,home
2282,759,2026-02-14,home
2283,760,2026-01-12,pricing
2284,760,2026-01-21,pricing
2285,760,2026-02-04,payment
2286,760,2026-01-09,home
2287,760,2026-01-30,home
2288,762,2026-02-04,pricing
2289,762,2026-01-31,home
2290,762,2026-02-03,payment
2291,762,2026-01-12,home
2292,762,2026-01-30,home
2293,762,2026-01-19,payment
2294,763,2026-02-05,home
2295,763,2026-02-02,payment
2296,763,2026-01-26,home
2297,764,2026-01-25,home
2298,764,2026-01-16,home
2299,764,2026-01-07,home
2300,765,2026-02-01,home
2301,765,2026-02-05,home
2302,765,2026-01-29,home
2303,765,2026-02-12,home
2304,765,2026-02-24,home
2305,765,2026-02-17,home
2306,765,2026-02-15,payment
2307,766,2026-01-17,home
2308,766,2026-02-05,home
2309,767,2026-02-09,home
2310,767,2026-01-27,payment
2311,767,2026-01-22,pricing
2312,768,2026-02-01,home
2313,769,2026-02-17,home
2314,769,2026-02-04,home
2315,769,2026-02-11,home
2316,770,2026-01-27,payment
2317,771,2026-01-22,home
2318,771,2026-01-27,home
2319,771,2026-01-16,home
2320,771,2026-02-11,home
2321,771,2026-02-06,pricing
2322,772,2026-02-14,pricing
2323,772,2026-02-01,home
2324,772,2026-02-16,payment
2325,772,2026-02-11,home
2326,772,2026-01-28,pricing
2327,772,2026-02-01,home
2328,773,2026-01-21,pricing
2329,773,2026-01-06,home
2330,773,2026-01-05,payment
2331,773,2026-01-16,pricing
2332,773,2026-01-29,pricing
2333,773,2026-01-28,home
2334,773,2026-02-01,home
2335,774,2026-01-16,home
2336,774,2026-01-27,home
2337,774,2026-01-15,home
2338,774,2026-01-30,home
2339,775,2026-01-23,home
2340,775,2026-01-31,pricing
2341,776,2026-02-10,home
2342,776,2026-02-20,home
2343,776,2026-01-27,home
2344,776,2026-02-17,pricing
2345,777,2026-02-18,home
2346,777,2026-02-13,home
2347,778,2026-01-31,home
2348,779,2026-01-27,home
2349,779,2026-02-11,home
2350,780,2026-01-11,pricing
2351,780,2026-01-13,payment
2352,780,2026-01-23,home
2353,781,2026-02-15,payment
2354,781,2026-02-06,home
2355,781,2026-02-15,pricing
2356,781,2026-02-09,home
2357,781,2026-02-13,home
2358,782,2026-02-10,home
2359,782,2026-01-28,home
2360,783,2026-02-12,pricing
2361,783,2026-01-22,home
2362,783,2026-02-11,home
2363,783,2026-01-27,pricing
2364,783,2026-01-27,home
2365,784,2026-02-17,payment
2366,784,2026-02-09,payment
2367,784,2026-02-16,payment
2368,785,2026-01-07,home
2369,785,2026-01-25,home
2370,785,2026-02-02,home
2371,786,2026-01-20,payment
2372,786,2026-01-29,home
2373,786,2026-01-25,payment
2374,787,2026-02-07,home
2375,787,2026-01-30,pricing
2376,788,2026-01-14,home
2377,789,2026-02-02,home
2378,789,2026-02-13,pricing
2379,789,2026-02-08,pricing
2380,790,2026-01-20,payment
2381,790,2026-01-14,home
2382,790,2026-02-04,pricing
2383,790,2026-01-24,payment
2384,791,2026-01-24,home
2385,791,2026-01-24,home
2386,792,2026-02-11,payment
2387,792,2026-02-19,home
2388,793,2026-01-28,home
2389,793,2026-02-03,payment
2390,793,2026-01-28,home
2391,793,2026-01-11,home
2392,793,2026-01-13,home
2393,794,2026-02-01,pricing
2394,794,2026-01-22,home
2395,794,2026-01-18,pricing
2396,795,2026-01-30,payment
2397,795,2026-02-08,home
2398,795,2026-02-03,home
2399,795,2026-02-10,home
2400,795,2026-02-16,home
2401,795,2026-01-27,pricing
2402,795,2026-02-16,home
2403,796,2026-02-25,home
2404,796,2026-02-10,home
2405,796,2026-01-30,home
2406,797,2026-01-30,home
2407,798,2026-01-13,home
2408,798,2026-02-02,home
2409,798,2026-02-02,home
2410,798,2026-01-15,payment
2411,799,2026-02-15,home
2412,799,2026-01-19,home
2413,800,2026-02-06,pricing
2414,800,2026-01-29,home
2415,800,2026-01-23,pricing
2416,800,2026-02-04,home
2417,801,2026-01-28,pricing
2418,801,2026-01-26,home
2419,801,2026-02-10,home
2420,801,2026-01-12,home
2421,802,2026-02-02,pricing
2422,802,2026-01-18,home
2423,802,2026-01-20,pricing
2424,802,2026-01-22,payment
2425,803,2026-02-06,home
2426,803,2026-01-21,payment
2427,803,2026-01-22,payment
2428,803,2026-01-22,home
2429,803,2026-01-14,home
2430,804,2026-02-19,home
2431,804,2026-02-21,home
2432,804,2026-01-26,home
2433,804,2026-02-08,home
2434,805,2026-01-17,payment
2435,805,2026-01-25,home
2436,805,2026-01-21,home
2437,806,2026-01-20,payment
2438,806,2026-02-15,payment
2439,806,2026-02-14,home
2440,806,2026-02-05,pricing
2441,807,2026-02-14,pricing
2442,807,2026-02-09,home
2443,807,2026-02-27,home
2444,807,2026-02-19,home
2445,808,2026-01-31,home
2446,808,2026-01-15,home
2447,808,2026-01-16,home
2448,808,2026-01-19,payment
2449,809,2026-01-09,payment
2450,809,2026-01-27,payment
2451,809,2026-02-03,pricing
2452,809,2026-01-14,home
2453,810,2026-01-22,payment
2454,810,2026-01-30,pricing
2455,811,2026-02-04,home
2456,811,2026-01-13,home
2457,811,2026-02-04,pricing
2458,811,2026-01-25,home
2459,812,2026-01-20,payment
2460,812,2026-02-04,home
2461,813,2026-01-31,pricing
2462,813,2026-01-17,home
2463,814,2026-01-31,home
2464,814,2026-01-10,home
2465,815,2026-01-19,payment
2466,815,2026-01-30,payment
2467,815,2026-01-22,home
2468,816,2026-02-11,home
2469,816,2026-02-11,home
2470,816,2026-02-07,payment
2471,817,2026-02-21,pricing
2472,817,2026-02-17,payment
2473,817,2026-02-11,home
2474,817,2026-02-22,home
2475,817,2026-02-14,home
2476,817,2026-02-22,home
2477,817,2026-02-20,home
2478,817,2026-02-10,home
2479,818,2026-01-06,home
2480,818,2026-01-22,pricing
2481,819,2026-01-06,pricing
2482,819,2026-01-14,home
2483,819,2026-01-14,payment
2484,820,2026-02-22,pricing
2485,820,2026-02-02,home
2486,820,2026-02-03,pricing
2487,821,2026-01-05,home
2488,821,2026-01-08,home
2489,821,2026-01-09,home
2490,821,2026-02-03,home
2491,821,2026-01-09,pricing
2492,822,2026-01-08,home
2493,822,2026-01-14,home
2494,822,2026-01-22,pricing
2495,823,2026-01-19,payment
2496,823,2026-02-02,home
2497,823,2026-02-07,payment
2498,824,2026-01-23,pricing
2499,824,2026-01-08,home
2500,824,2026-01-22,home
2501,825,2026-02-02,pricing
2502,825,2026-02-06,pricing
2503,825,2026-01-27,home
2504,826,2026-01-31,home
2505,826,2026-01-28,home
2506,827,2026-01-04,home
2507,827,2026-01-24,payment
2508,827,2026-01-11,payment
2509,827,2026-01-12,home
2510,828,2026-01-24,home
2511,828,2026-02-18,home
2512,829,2026-01-27,home
2513,830,2026-02-01,home
2514,830,2026-02-07,pricing
2515,831,2026-01-31,payment
2516,831,2026-02-03,pricing
2517,831,2026-01-21,home
2518,831,2026-01-21,payment
2519,831,2026-02-01,home
2520,832,2026-02-16,pricing
2521,832,2026-02-20,pricing
2522,833,2026-01-23,home
2523,833,2026-01-17,home
2524,834,2026-01-19,home
2525,834,2026-01-08,payment
2526,835,2026-02-01,pricing
2527,835,2026-01-15,home
2528,835,2026-01-07,pricing
2529,835,2026-01-16,home
2530,835,2026-01-21,home
2531,835,2026-01-19,payment
2532,835,2026-01-28,pricing
2533,835,2026-01-09,payment
2534,835,2026-01-19,home
2535,837,2026-02-26,home
2536,837,2026-02-22,home
2537,837,2026-02-18,home
2538,838,2026-01-29,home
2539,838,2026-01-28,home
2540,839,2026-02-24,home
2541,839,2026-02-17,home
2542,840,2026-01-28,payment
2543,840,2026-01-30,home
2544,840,2026-01-25,payment
2545,841,2026-01-26,home
2546,841,2026-02-18,payment
2547,841,2026-01-23,pricing
2548,841,2026-02-01,pricing
2549,842,2026-01-17,pricing
2550,842,2026-01-07,home
2551,842,2026-01-28,payment
2552,843,2026-02-18,home
2553,844,2026-01-17,pricing
2554,844,2026-01-19,home
2555,844,2026-01-28,home
2556,845,2026-02-22,home
2557,846,2026-02-02,home
2558,846,2026-01-30,home
2559,846,2026-02-13,home
2560,846,2026-02-06,home
2561,846,2026-02-05,home
2562,848,2026-02-05,payment
2563,848,2026-02-01,pricing
2564,848,2026-02-16,home
2565,848,2026-02-19,home
2566,849,2026-01-09,home
2567,849,2026-01-29,home
2568,850,2026-01-15,home
2569,850,2026-02-09,home
2570,851,2026-02-11,home
2571,852,2026-02-11,home
2572,852,2026-02-03,home
2573,852,2026-02-15,payment
2574,853,2026-02-20,home
2575,853,2026-02-13,payment
2576,853,2026-02-21,pricing
2577,853,2026-02-23,pricing
2578,854,2026-02-03,payment
2579,855,2026-02-11,home
2580,855,2026-02-16,pricing
2581,856,2026-02-04,home
2582,857,2026-02-26,home
2583,857,2026-02-11,pricing
2584,858,2026-02-01,home
2585,858,2026-01-15,home
2586,859,2026-02-07,home
2587,859,2026-02-18,home
2588,860,2026-01-12,pricing
2589,860,2026-01-12,home
2590,861,2026-01-19,home
2591,861,2026-01-28,pricing
2592,861,2026-01-22,payment
2593,862,2026-01-13,pricing
2594,862,2026-01-03,home
2595,862,2026-01-10,home
2596,862,2026-01-16,payment
2597,862,2026-01-23,home
2598,864,2026-01-27,home
2599,864,2026-01-18,payment
2600,864,2026-02-11,home
2601,865,2026-02-01,home
2602,865,2026-02-18,home
2603,865,2026-02-08,home
2604,866,2026-01-30,home
2605,866,2026-02-03,home
2606,867,2026-02-10,pricing
2607,867,2026-02-04,home
2608,868,2026-02-16,home
2609,868,2026-02-08,payment
2610,869,2026-01-28,home
2611,869,2026-01-21,home
2612,869,2026-01-18,home
2613,870,2026-02-02,home
2614,870,2026-01-27,home
2615,870,2026-01-28,home
2616,870,2026-02-16,pricing
2617,870,2026-02-23,home
2618,871,2026-02-14,home
2619,872,2026-01-18,pricing
2620,872,2026-01-02,home
2621,872,2026-01-01,home
2622,873,2026-01-17,home
2623,873,2026-02-04,pricing
2624,873,2026-01-31,pricing
2625,873,2026-01-31,payment
2626,874,2026-01-21,home
2627,874,2026-02-05,home
2628,874,2026-01-30,pricing
2629,875,2026-01-31,payment
2630,876,2026-02-07,payment
2631,876,2026-02-16,home
2632,877,2026-01-29,home
2633,877,2026-01-24,home
2634,877,2026-02-10,home
2635,877,2026-02-10,home
2636,877,2026-01-22,home
2637,879,2026-02-10,home
2638,879,2026-01-27,payment
2639,880,2026-02-25,home
2640,880,2026-02-24,payment
2641,880,2026-02-14,pricing
2642,880,2026-02-27,payment
2643,881,2026-01-30,payment
2644,881,2026-01-19,home
2645,881,2026-01-17,payment
2646,882,2026-02-02,home
2647,882,2026-01-23,payment
2648,882,2026-01-26,home
2649,882,2026-02-08,payment
2650,882,2026-01-23,home
2651,882,2026-02-06,pricing
2652,883,2026-01-17,pricing
2653,884,2026-02-13,home
2654,884,2026-02-02,home
2655,884,2026-01-31,pricing
2656,885,2026-01-24,home
2657,885,2026-01-29,pricing
2658,885,2026-02-06,pricing
2659,885,2026-02-02,home
2660,885,2026-01-21,pricing
2661,885,2026-02-18,home
2662,886,2026-01-12,payment
2663,886,2026-02-09,home
2664,886,2026-01-30,home
2665,886,2026-02-02,pricing
2666,887,2026-01-30,home
2667,887,2026-02-14,home
2668,888,2026-01-28,payment
2669,889,2026-01-11,home
2670,889,2026-01-22,home
2671,889,2026-01-11,home
2672,889,2026-01-10,home
2673,890,2026-01-16,payment
2674,890,2026-01-16,home
2675,890,2026-01-31,home
2676,891,2026-02-05,home
2677,891,2026-02-08,pricing
2678,891,2026-01-25,home
2679,892,2026-02-14,home
2680,892,2026-01-27,home
2681,892,2026-01-25,home
2682,892,2026-01-23,home
2683,892,2026-01-22,payment
2684,893,2026-02-02,home
2685,893,2026-02-23,pricing
2686,893,2026-01-30,home
2687,893,2026-02-05,home
2688,894,2026-01-19,home
2689,894,2026-01-29,home
2690,894,2026-01-23,home
2691,894,2026-01-27,home
2692,894,2026-02-03,home
2693,894,2026-02-11,payment
2694,894,2026-02-13,home
2695,895,2026-02-01,payment
2696,895,2026-01-16,home
2697,895,2026-02-10,pricing
2698,895,2026-01-21,home
2699,895,2026-01-22,home
2700,895,2026-02-11,home
2701,895,2026-02-10,home
2702,896,2026-01-28,payment
2703,897,2026-02-12,home
2704,897,2026-01-17,home
2705,898,2026-01-26,home
2706,898,2026-02-02,home
2707,899,2026-01-18,home
2708,899,2026-02-08,home
2709,899,2026-01-24,home
2710,899,2026-01-21,pricing
2711,899,2026-01-18,home
2712,900,2026-01-27,home
2713,900,2026-01-05,pricing
2714,901,2026-02-18,pricing
2715,901,2026-02-19,home
2716,901,2026-02-04,home
2717,902,2026-01-28,pricing
2718,902,2026-01-26,payment
2719,902,2026-02-11,home
2720,902,2026-02-03,payment
2721,902,2026-02-13,home
2722,903,2026-01-31,pricing
2723,903,2026-02-02,pricing
2724,903,2026-02-11,payment
2725,904,2026-01-09,payment
2726,904,2026-01-17,home
2727,904,2026-01-16,home
2728,904,2026-01-15,home
2729,904,2026-01-07,payment
2730,905,2026-01-29,home
2731,905,2026-01-22,payment
2732,905,2026-01-23,pricing
2733,905,2026-02-10,home
2734,906,2026-02-04,home
2735,906,2026-02-19,home
2736,907,2026-01-29,home
2737,907,2026-02-12,pricing
2738,907,2026-02-19,home
2739,907,2026-01-31,home
2740,908,2026-01-28,payment
2741,908,2026-01-28,pricing
2742,909,2026-02-08,payment
2743,909,2026-02-09,home
2744,910,2026-02-03,home
2745,910,2026-01-12,payment
2746,912,2026-01-31,home
2747,913,2026-01-31,payment
2748,913,2026-01-27,payment
2749,914,2026-01-12,pricing
2750,914,2026-02-06,home
2751,914,2026-01-27,home
2752,914,2026-01-26,pricing
2753,915,2026-02-18,home
2754,915,2026-02-05,home
2755,915,2026-02-08,pricing
2756,915,2026-02-09,home
2757,915,2026-02-16,payment
2758,915,2026-02-05,home
2759,916,2026-02-24,home
2760,916,2026-02-21,home
2761,917,2026-02-09,home
2762,917,2026-01-30,pricing
2763,917,2026-01-25,pricing
2764,918,2026-02-04,home
2765,918,2026-01-20,home
2766,918,2026-01-09,pricing
2767,918,2026-01-12,home
2768,919,2026-02-17,home
2769,919,2026-02-18,pricing
2770,919,2026-02-22,home
2771,919,2026-02-11,payment
2772,919,2026-02-10,home
2773,919,2026-02-09,home
2774,919,2026-02-08,home
2775,920,2026-02-21,payment
2776,920,2026-02-01,home
2777,920,2026-02-03,home
2778,920,2026-01-31,home
2779,920,2026-02-12,pricing
2780,921,2026-01-20,home
2781,921,2026-01-07,pricing
2782,922,2026-02-16,home
2783,922,2026-02-15,home
2784,922,2026-02-24,pricing
2785,922,2026-02-21,home
2786,922,2026-02-02,home
2787,925,2026-02-21,home
2788,925,2026-02-23,payment
2789,925,2026-02-09,payment
2790,926,2026-01-30,home
2791,926,2026-02-15,payment
2792,926,2026-01-18,home
2793,927,2026-02-24,pricing
2794,927,2026-02-21,payment
2795,927,2026-02-16,pricing
2796,927,2026-02-19,home
2797,928,2026-02-13,home
2798,928,2026-02-14,home
2799,928,2026-02-17,pricing
2800,928,2026-02-23,home
2801,929,2026-01-26,home
2802,929,2026-01-11,home
2803,929,2026-01-31,home
2804,929,2026-01-19,payment
2805,929,2026-01-14,home
2806,929,2026-02-01,pricing
2807,929,2026-01-19,pricing
2808,929,2026-01-26,pricing
2809,930,2026-01-28,home
2810,930,2026-01-20,payment
2811,930,2026-01-22,payment
2812,930,2026-01-18,home
2813,931,2026-01-26,pricing
2814,931,2026-01-16,home
2815,932,2026-02-18,home
2816,932,2026-01-29,pricing
2817,933,2026-02-15,home
2818,933,2026-01-28,pricing
2819,933,2026-01-27,payment
2820,934,2026-01-18,home
2821,935,2026-01-21,home
2822,935,2026-01-10,payment
2823,936,2026-01-04,home
2824,936,2026-01-25,home
2825,936,2026-01-20,pricing
2826,936,2026-01-24,home
2827,936,2026-01-13,home
2828,937,2026-02-07,home
2829,937,2026-02-10,home
2830,937,2026-02-09,home
2831,937,2026-02-17,home
2832,937,2026-02-17,home
2833,937,2026-01-23,payment
2834,937,2026-02-14,home
2835,938,2026-02-05,home
2836,938,2026-01-20,home
2837,938,2026-01-27,home
2838,938,2026-01-21,home
2839,939,2026-01-31,home
2840,939,2026-01-30,pricing
2841,940,2026-02-06,home
2842,940,2026-02-03,payment
2843,940,2026-02-03,home
2844,941,2026-02-02,home
2845,941,2026-01-16,home
2846,941,2026-01-23,home
2847,942,2026-02-08,home
2848,942,2026-02-17,payment
2849,942,2026-02-13,home
2850,942,2026-02-06,pricing
2851,942,2026-02-13,home
2852,944,2026-01-15,payment
2853,944,2026-02-12,pricing
2854,944,2026-01-19,home
2855,945,2026-01-12,pricing
2856,945,2026-01-26,payment
2857,946,2026-02-17,home
2858,946,2026-02-02,home
2859,946,2026-02-12,home
2860,946,2026-02-03,payment
2861,946,2026-02-09,pricing
2862,947,2026-02-03,home
2863,947,2026-01-16,home
2864,947,2026-01-11,home
2865,948,2026-01-26,home
2866,948,2026-02-04,home
2867,949,2026-02-10,home
2868,949,2026-01-22,home
2869,949,2026-02-03,pricing
2870,949,2026-01-19,payment
2871,949,2026-02-07,home
2872,949,2026-01-23,home
2873,950,2026-01-09,pricing
2874,950,2026-01-13,payment
2875,950,2026-01-30,home
2876,952,2026-01-30,home
2877,952,2026-02-23,pricing
2878,952,2026-02-16,home
2879,952,2026-01-30,payment
2880,952,2026-02-05,home
2881,952,2026-02-14,payment
2882,952,2026-01-28,home
2883,952,2026-02-21,home
2884,953,2026-01-15,home
2885,953,2026-01-20,home
2886,953,2026-01-14,home
2887,953,2026-01-13,home
2888,953,2026-01-18,payment
2889,954,2026-01-20,home
2890,955,2026-01-24,home
2891,956,2026-02-24,payment
2892,956,2026-02-24,home
2893,956,2026-02-23,home
2894,957,2026-01-19,home
2895,957,2026-01-29,pricing
2896,957,2026-02-04,payment
2897,958,2026-01-30,payment
2898,958,2026-01-28,payment
2899,958,2026-02-09,payment
2900,958,2026-02-09,home
2901,958,2026-02-11,home
2902,959,2026-01-15,pricing
2903,959,2026-02-03,home
2904,959,2026-01-18,home
2905,960,2026-01-07,payment
2906,960,2026-01-05,home
2907,961,2026-02-12,home
2908,961,2026-01-23,home
2909,961,2026-02-06,home
2910,962,2026-01-27,payment
2911,962,2026-02-04,home
2912,963,2026-01-16,home
2913,963,2026-01-21,home
2914,963,2026-01-12,payment
2915,963,2026-01-05,home
2916,964,2026-01-29,home
2917,964,2026-02-14,home
2918,964,2026-02-02,pricing
2919,964,2026-02-09,home
2920,964,2026-01-23,home
2921,965,2026-01-08,home
2922,965,2026-01-15,home
2923,966,2026-01-21,payment
2924,966,2026-01-19,home
2925,967,2026-01-17,pricing
2926,967,2026-02-13,home
2927,967,2026-02-13,payment
2928,968,2026-01-21,home
2929,968,2026-02-12,home
2930,969,2026-01-17,home
2931,969,2026-01-14,home
2932,969,2026-01-26,payment
2933,969,2026-02-06,payment
2934,970,2026-01-29,home
2935,970,2026-02-11,pricing
2936,970,2026-02-12,home
2937,970,2026-01-27,payment
2938,971,2026-02-03,home
2939,971,2026-02-07,home
2940,971,2026-01-30,payment
2941,972,2026-01-25,home
2942,972,2026-02-12,home
2943,972,2026-02-11,pricing
2944,973,2026-02-09,home
2945,973,2026-02-10,pricing
2946,973,2026-01-22,pricing
2947,973,2026-02-19,home
2948,973,2026-01-26,home
2949,974,2026-02-05,payment
2950,975,2026-02-12,home
2951,975,2026-01-31,pricing
2952,976,2026-02-15,home
2953,976,2026-02-04,home
2954,976,2026-01-25,home
2955,976,2026-02-13,pricing
2956,977,2026-02-04,payment
2957,977,2026-01-29,home
2958,977,2026-01-21,pricing
2959,978,2026-01-28,home
2960,978,2026-01-06,payment
2961,978,2026-01-04,home
2962,978,2026-01-30,pricing
2963,979,2026-01-22,payment
2964,981,2026-01-23,home
2965,981,2026-01-21,payment
2966,981,2026-01-25,home
2967,981,2026-01-08,payment
2968,982,2026-01-09,payment
2969,983,2026-02-03,home
2970,983,2026-02-19,home
2971,983,2026-02-16,pricing
2972,983,2026-02-01,home
2973,984,2026-02-02,home
2974,985,2026-02-04,payment
2975,985,2026-02-11,payment
2976,986,2026-01-13,home
2977,986,2026-01-29,payment
2978,986,2026-01-29,pricing
2979,986,2026-01-17,home
2980,986,2026-01-25,home
2981,987,2026-02-16,home
2982,987,2026-02-06,home
2983,988,2026-01-20,pricing
2984,988,2026-01-19,pricing
2985,988,2026-01-25,payment
2986,989,2026-01-08,home
2987,989,2026-01-14,home
2988,989,2026-02-03,home
2989,990,2026-01-18,payment
2990,990,2026-02-02,payment
2991,990,2026-01-23,home
2992,990,2026-01-09,home
2993,991,2026-01-19,home
2994,991,2026-01-13,home
2995,991,2026-01-25,payment
2996,991,2026-01-31,home
2997,991,2026-01-27,home
2998,992,2026-01-07,home
2999,992,2026-01-04,home
3000,992,2026-01-30,pricing
3001,993,2026-01-21,home
3002,993,2026-02-05,home
3003,993,2026-02-11,home
3004,993,2026-01-29,home
3005,994,2026-02-16,home
3006,994,2026-01-27,pricing
3007,994,2026-02-19,home
3008,994,2026-02-01,home
3009,995,2026-01-11,home
3010,995,2026-01-28,home
3011,995,2026-01-26,home
3012,995,2026-01-20,home
3013,995,2026-01-28,home
3014,995,2026-01-24,home
3015,996,2026-02-02,home
3016,996,2026-02-11,payment
3017,996,2026-02-05,home
3018,996,2026-02-19,home
3019,996,2026-02-02,pricing
3020,996,2026-02-17,pricing
3021,997,2026-01-11,payment
3022,997,2026-01-28,payment
3023,998,2026-01-27,home
3024,998,2026-01-26,payment
3025,998,2026-01-25,home
3026,999,2026-01-27,home
3027,999,2026-02-05,pricing
3028,999,2026-01-27,pricing
3029,1000,2026-02-01,payment
